ID,CLASSIFIED,TYPE
JCR-1881,BUG,BUG
JCR-611,TASK,TASK
JCR-2216,IMPROVEMENT,IMPROVEMENT
JCR-3112,BUG,BUG
JCR-1663,IMPROVEMENT,IMPROVEMENT
JCR-1466,DESIGN_DEFECT,BUG
JCR-1400,BACKPORT,IMPROVEMENT
JCR-1004,RFE,IMPROVEMENT
JCR-1615,IMPROVEMENT,IMPROVEMENT
JCR-1766,BUG,BUG
JCR-14,BUG,BUG
JCR-152,DOCUMENTATION,IMPROVEMENT
JCR-3000,BUG,BUG
JCR-1300,IMPROVEMENT,IMPROVEMENT
JCR-2850,BUG,BUG
JCR-1997,IMPROVEMENT,BUG
JCR-1694,BUG,BUG
JCR-2880,BUG,BUG
JCR-2588,BUG,BUG
JCR-1042,IMPROVEMENT,IMPROVEMENT
JCR-981,BUG,BUG
JCR-3090,BUG,BUG
JCR-1065,TEST,BUG
JCR-31,RFE,BUG
JCR-619,RFE,RFE
JCR-1684,TEST,IMPROVEMENT
JCR-572,IMPROVEMENT,IMPROVEMENT
JCR-707,BUG,BUG
JCR-450,BUG,BUG
JCR-262,TEST,TEST
JCR-2139,BUG,BUG
JCR-947,TEST,IMPROVEMENT
JCR-2659,BUG,BUG
JCR-3189,BUG,BUG
JCR-1593,RFE,
JCR-817,TEST,IMPROVEMENT
JCR-212,IMPROVEMENT,IMPROVEMENT
JCR-2656,BUG,BUG
JCR-852,IMPROVEMENT,IMPROVEMENT
JCR-2378,IMPROVEMENT,IMPROVEMENT
JCR-612,TASK,IMPROVEMENT
JCR-1601,BUG,BUG
JCR-2854,RFE,IMPROVEMENT
JCR-2741,RFE,IMPROVEMENT
JCR-1859,IMPROVEMENT,IMPROVEMENT
JCR-2737,TEST,IMPROVEMENT
JCR-452,BUG,BUG
JCR-2340,BUG,BUG
JCR-491,TEST,BUG
JCR-1326,IMPROVEMENT,IMPROVEMENT
JCR-1486,RFE,IMPROVEMENT
JCR-1966,IMPROVEMENT,IMPROVEMENT
JCR-2917,BUG,BUG
JCR-2580,BUG,BUG
JCR-1157,IMPROVEMENT,IMPROVEMENT
JCR-2663,TEST,BUG
JCR-405,BUG,BUG
JCR-1198,BUG,BUG
JCR-1537,BUG,BUG
JCR-1730,BUG,BUG
JCR-329,BUG,IMPROVEMENT
JCR-3117,RFE,
JCR-2906,IMPROVEMENT,IMPROVEMENT
JCR-102,DOCUMENTATION,IMPROVEMENT
JCR-2219,IMPROVEMENT,IMPROVEMENT
JCR-1132,RFE,IMPROVEMENT
JCR-114,IMPROVEMENT,IMPROVEMENT
JCR-1849,RFE,
JCR-2956,RFE,IMPROVEMENT
JCR-2283,BUG,BUG
JCR-3140,RFE,RFE
JCR-2634,BUG,IMPROVEMENT
JCR-2589,BUG,BUG
JCR-168,BUG,BUG
JCR-2517,IMPROVEMENT,IMPROVEMENT
JCR-2783,BUG,BUG
JCR-2595,BUG,BUG
JCR-119,BUG,BUG
JCR-1450,BUG,BUG
JCR-2522,BUG,BUG
JCR-3050,BUG,BUG
JCR-1156,REFACTORING,IMPROVEMENT
JCR-2424,BUILD_SYSTEM,IMPROVEMENT
JCR-961,RFE,RFE
JCR-2784,IMPROVEMENT,BUG
JCR-2536,IMPROVEMENT,BUG
JCR-69,BUG,BUG
JCR-2322,DOCUMENTATION,IMPROVEMENT
JCR-1241,IMPROVEMENT,IMPROVEMENT
JCR-888,BUG,BUG
JCR-2735,RFE,IMPROVEMENT
JCR-439,BUG,BUG
JCR-674,BUG,BUG
JCR-2220,BUILD_SYSTEM,IMPROVEMENT
JCR-2337,TEST,BUG
JCR-528,TEST,BUG
JCR-2918,IMPROVEMENT,IMPROVEMENT
JCR-2518,IMPROVEMENT,IMPROVEMENT
JCR-1449,BUG,BUG
JCR-874,OTHER,IMPROVEMENT
JCR-2167,IMPROVEMENT,BUG
JCR-2945,BUG,BUG
JCR-1720,RFE,IMPROVEMENT
JCR-418,BUILD_SYSTEM,RFE
JCR-2614,TEST,IMPROVEMENT
JCR-2238,BUG,BUG
JCR-1784,BUG,BUG
JCR-2297,SPEC,BUG
JCR-683,IMPROVEMENT,BUG
JCR-550,BUG,BUG
JCR-1280,BUG,BUG
JCR-237,BUG,BUG
JCR-218,SPEC,IMPROVEMENT
JCR-565,REFACTORING,IMPROVEMENT
JCR-1057,IMPROVEMENT,IMPROVEMENT
JCR-2984,BUG,BUG
JCR-1862,BUG,BUG
JCR-2709,BUG,BUG
JCR-1967,BUG,IMPROVEMENT
JCR-856,TEST,BUG
JCR-1634,BUG,BUG
JCR-2625,IMPROVEMENT,IMPROVEMENT
JCR-376,CLEANUP,BUG
JCR-2202,BUG,BUG
JCR-3247,BUG,BUG
JCR-1582,BUG,BUG
JCR-139,BUG,BUG
JCR-3158,BUG,BUG
JCR-505,TEST,BUG
JCR-1650,BUG,BUG
JCR-487,SPEC,BUG
JCR-2385,BUG,BUG
JCR-2234,SPEC,
JCR-1850,IMPROVEMENT,IMPROVEMENT
JCR-1138,IMPROVEMENT,IMPROVEMENT
JCR-882,TEST,IMPROVEMENT
JCR-648,BUG,BUG
JCR-471,RFE,IMPROVEMENT
JCR-1804,RFE,IMPROVEMENT
JCR-1678,BUG,BUG
JCR-1995,OTHER,IMPROVEMENT
JCR-1825,BUG,BUG
JCR-901,RFE,RFE
JCR-1750,BUG,BUG
JCR-2177,BUG,BUG
JCR-71,BUG,BUG
JCR-2929,IMPROVEMENT,IMPROVEMENT
JCR-797,BUG,BUG
JCR-1119,IMPROVEMENT,IMPROVEMENT
JCR-3275,DOCUMENTATION,IMPROVEMENT
JCR-1767,BUG,BUG
JCR-2061,RFE,
JCR-1538,IMPROVEMENT,IMPROVEMENT
JCR-2886,RFE,IMPROVEMENT
JCR-2631,TEST,IMPROVEMENT
JCR-158,IMPROVEMENT,IMPROVEMENT
JCR-2816,BUG,BUG
JCR-846,TASK,IMPROVEMENT
JCR-1504,BUG,BUG
JCR-201,BUG,BUG
JCR-2,BUILD_SYSTEM,TASK
JCR-3110,BUG,BUG
JCR-2705,IMPROVEMENT,BUG
JCR-2706,REFACTORING,IMPROVEMENT
JCR-2499,RFE,TASK
JCR-727,TEST,BUG
JCR-2925,CLEANUP,IMPROVEMENT
JCR-2813,BUG,BUG
JCR-1434,BUG,BUG
JCR-1792,BUG,BUG
JCR-2208,TEST,
JCR-876,IMPROVEMENT,IMPROVEMENT
JCR-221,BUG,BUG
JCR-3067,CLEANUP,IMPROVEMENT
JCR-541,BUG,BUG
JCR-244,RFE,IMPROVEMENT
JCR-1237,IMPROVEMENT,IMPROVEMENT
JCR-1512,BUG,BUG
JCR-726,IMPROVEMENT,IMPROVEMENT
JCR-672,BUG,BUG
JCR-3026,IMPROVEMENT,IMPROVEMENT
JCR-2230,RFE,
JCR-245,RFE,RFE
JCR-2994,RFE,IMPROVEMENT
JCR-948,RFE,IMPROVEMENT
JCR-574,BUG,BUG
JCR-3127,BUILD_SYSTEM,IMPROVEMENT
JCR-1952,BUG,BUG
JCR-596,BUILD_SYSTEM,TASK
JCR-1240,BUG,BUG
JCR-1217,BUG,BUG
JCR-181,IMPROVEMENT,BUG
JCR-3052,BUG,BUG
JCR-2255,RFE,BUG
JCR-1738,BUG,BUG
JCR-1747,RFE,IMPROVEMENT
JCR-265,BUG,BUG
JCR-2980,BUG,BUG
JCR-2514,IMPROVEMENT,IMPROVEMENT
JCR-479,BUG,BUG
JCR-49,BUG,BUG
JCR-2770,BUILD_SYSTEM,BUG
JCR-2681,BUG,BUG
JCR-1327,BUILD_SYSTEM,IMPROVEMENT
JCR-1591,RFE,
JCR-2413,BUG,BUG
JCR-2864,IMPROVEMENT,IMPROVEMENT
JCR-621,RFE,RFE
JCR-2529,BUG,BUG
JCR-889,RFE,RFE
JCR-1706,BUG,BUG
JCR-692,TEST,BUG
JCR-2643,IMPROVEMENT,IMPROVEMENT
JCR-1533,BUILD_SYSTEM,IMPROVEMENT
JCR-1203,TEST,IMPROVEMENT
JCR-1863,BUILD_SYSTEM,IMPROVEMENT
JCR-454,BUG,BUG
JCR-821,BUG,BUG
JCR-625,BUG,BUG
JCR-1609,RFE,
JCR-1179,BUG,BUG
JCR-1444,BUG,BUG
JCR-2841,IMPROVEMENT,IMPROVEMENT
JCR-1175,TEST,IMPROVEMENT
JCR-1248,RFE,RFE
JCR-132,RFE,
JCR-1947,RFE,
JCR-1978,BUILD_SYSTEM,IMPROVEMENT
JCR-749,TASK,IMPROVEMENT
JCR-2429,BUG,BUG
JCR-3234,BUG,BUG
JCR-1575,CLEANUP,IMPROVEMENT
JCR-1213,IMPROVEMENT,IMPROVEMENT
JCR-786,IMPROVEMENT,BUG
JCR-3161,RFE,IMPROVEMENT
JCR-2962,BUG,BUG
JCR-2246,CLEANUP,IMPROVEMENT
JCR-2829,BUG,BUG
JCR-1460,OTHER,BUG
JCR-437,BUG,BUG
JCR-66,REFACTORING,IMPROVEMENT
JCR-2814,IMPROVEMENT,IMPROVEMENT
JCR-1323,BUG,BUG
JCR-1797,RFE,IMPROVEMENT
JCR-548,RFE,RFE
JCR-694,CLEANUP,IMPROVEMENT
JCR-1437,TEST,RFE
JCR-2059,RFE,
JCR-2244,BUG,BUG
JCR-955,BUILD_SYSTEM,IMPROVEMENT
JCR-851,IMPROVEMENT,IMPROVEMENT
JCR-2876,IMPROVEMENT,IMPROVEMENT
JCR-750,RFE,RFE
JCR-1984,DESIGN_DEFECT,IMPROVEMENT
JCR-1957,REFACTORING,IMPROVEMENT
JCR-2169,BUG,BUG
JCR-382,BUG,BUG
JCR-2736,IMPROVEMENT,BUG
JCR-1915,IMPROVEMENT,BUG
JCR-2111,RFE,
JCR-2408,BUG,BUG
JCR-3212,TEST,
JCR-1178,IMPROVEMENT,IMPROVEMENT
JCR-3107,IMPROVEMENT,IMPROVEMENT
JCR-2738,DESIGN_DEFECT,IMPROVEMENT
JCR-1607,RFE,RFE
JCR-1887,RFE,IMPROVEMENT
JCR-2552,BUG,BUG
JCR-1898,IMPROVEMENT,IMPROVEMENT
JCR-303,DOCUMENTATION,RFE
JCR-3066,IMPROVEMENT,IMPROVEMENT
JCR-2534,BUG,BUG
JCR-3136,BUILD_SYSTEM,IMPROVEMENT
JCR-2708,TEST,IMPROVEMENT
JCR-1093,REFACTORING,IMPROVEMENT
JCR-296,DOCUMENTATION,
JCR-717,IMPROVEMENT,IMPROVEMENT
JCR-1717,RFE,RFE
JCR-653,TEST,BUG
JCR-1404,BUILD_SYSTEM,IMPROVEMENT
JCR-3009,BUG,BUG
JCR-3146,IMPROVEMENT,IMPROVEMENT
JCR-780,IMPROVEMENT,BUG
JCR-2417,BUG,BUG
JCR-2900,TEST,BUG
JCR-2844,BUG,BUG
JCR-2217,IMPROVEMENT,IMPROVEMENT
JCR-1113,REFACTORING,IMPROVEMENT
JCR-1963,IMPROVEMENT,IMPROVEMENT
JCR-2266,BUILD_SYSTEM,IMPROVEMENT
JCR-1769,RFE,IMPROVEMENT
JCR-975,IMPROVEMENT,IMPROVEMENT
JCR-584,IMPROVEMENT,IMPROVEMENT
JCR-2537,TEST,BUG
JCR-398,BUILD_SYSTEM,IMPROVEMENT
JCR-75,RFE,RFE
JCR-3138,IMPROVEMENT,IMPROVEMENT
JCR-3133,RFE,
JCR-1948,TEST,IMPROVEMENT
JCR-2979,DOCUMENTATION,IMPROVEMENT
JCR-159,BUG,BUG
JCR-1332,BUG,BUG
JCR-1561,RFE,RFE
JCR-1494,IMPROVEMENT,IMPROVEMENT
JCR-2995,IMPROVEMENT,IMPROVEMENT
JCR-3181,TEST,IMPROVEMENT
JCR-2116,RFE,
JCR-2503,BUG,BUG
JCR-2778,BUG,BUG
JCR-507,TEST,BUG
JCR-54,IMPROVEMENT,IMPROVEMENT
JCR-408,BUG,BUG
JCR-2024,IMPROVEMENT,BUG
JCR-2506,IMPROVEMENT,IMPROVEMENT
JCR-2490,BUG,BUG
JCR-3174,BUG,BUG
JCR-1824,IMPROVEMENT,IMPROVEMENT
JCR-3115,BUG,BUG
JCR-330,BUILD_SYSTEM,IMPROVEMENT
JCR-2478,IMPROVEMENT,IMPROVEMENT
JCR-2883,BUG,BUG
JCR-385,BUG,BUG
JCR-624,BUG,BUG
JCR-238,BUG,BUG
JCR-2869,BUG,BUG
JCR-1954,IMPROVEMENT,IMPROVEMENT
JCR-2852,RFE,IMPROVEMENT
JCR-2563,RFE,RFE
JCR-285,TEST,BUG
JCR-474,RFE,IMPROVEMENT
JCR-2317,IMPROVEMENT,IMPROVEMENT
JCR-396,BUG,BUG
JCR-1691,RFE,IMPROVEMENT
JCR-2002,RFE,IMPROVEMENT
JCR-832,BUG,BUG
JCR-1649,BUILD_SYSTEM,IMPROVEMENT
JCR-1204,REFACTORING,IMPROVEMENT
JCR-1454,BUG,BUG
JCR-3095,BUG,BUG
JCR-761,BUG,BUG
JCR-1559,BUG,BUG
JCR-3027,BUG,IMPROVEMENT
JCR-957,IMPROVEMENT,IMPROVEMENT
JCR-1592,RFE,
JCR-1177,REFACTORING,IMPROVEMENT
JCR-455,BUG,BUG
JCR-1251,IMPROVEMENT,IMPROVEMENT
JCR-3139,BUG,BUG
JCR-998,RFE,RFE
JCR-891,RFE,RFE
JCR-400,IMPROVEMENT,BUG
JCR-280,BUG,BUG
JCR-2004,SPEC,
JCR-2865,BUG,BUG
JCR-2270,BUG,BUG
JCR-272,BUG,BUG
JCR-2432,BUG,IMPROVEMENT
JCR-2569,RFE,RFE
JCR-3076,IMPROVEMENT,IMPROVEMENT
JCR-1877,OTHER,RFE
JCR-2236,BUG,BUG
JCR-2836,IMPROVEMENT,BUG
JCR-2138,BUG,BUG
JCR-1798,IMPROVEMENT,IMPROVEMENT
JCR-160,BUG,BUG
JCR-1627,BUILD_SYSTEM,BUG
JCR-614,IMPROVEMENT,BUG
JCR-242,BUG,BUG
JCR-3222,RFE,IMPROVEMENT
JCR-1345,BUG,BUG
JCR-247,RFE,IMPROVEMENT
JCR-333,BUG,BUG
JCR-973,BUG,BUG
JCR-2188,TEST,IMPROVEMENT
JCR-1159,DOCUMENTATION,IMPROVEMENT
JCR-2887,REFACTORING,IMPROVEMENT
JCR-1543,IMPROVEMENT,IMPROVEMENT
JCR-8,DESIGN_DEFECT,BUG
JCR-788,IMPROVEMENT,IMPROVEMENT
JCR-1658,BUG,BUG
JCR-32,BUG,BUG
JCR-1233,REFACTORING,IMPROVEMENT
JCR-3184,RFE,IMPROVEMENT
JCR-373,DOCUMENTATION,BUG
JCR-353,BUG,BUG
JCR-125,BUG,BUG
JCR-1331,BACKPORT,BUG
JCR-1739,IMPROVEMENT,IMPROVEMENT
JCR-306,CLEANUP,IMPROVEMENT
JCR-39,BUG,BUG
JCR-1580,REFACTORING,BUG
JCR-929,BUG,BUG
JCR-1095,TEST,BUG
JCR-553,BUG,BUG
JCR-2026,BUG,BUG
JCR-429,BUG,BUG
JCR-2206,REFACTORING,IMPROVEMENT
JCR-772,BUG,BUG
JCR-2862,BUG,BUG
JCR-270,BUG,BUG
JCR-1550,CLEANUP,IMPROVEMENT
JCR-898,IMPROVEMENT,IMPROVEMENT
JCR-568,BUG,BUG
JCR-2810,BUG,BUG
JCR-3172,RFE,IMPROVEMENT
JCR-1545,BUG,BUG
JCR-2716,IMPROVEMENT,IMPROVEMENT
JCR-10,BUG,BUG
JCR-1295,RFE,RFE
JCR-1523,RFE,RFE
JCR-1495,BUG,BUG
JCR-2287,BUG,BUG
JCR-2048,BUG,BUG
JCR-1359,BUG,BUG
JCR-2672,IMPROVEMENT,IMPROVEMENT
JCR-2327,IMPROVEMENT,IMPROVEMENT
JCR-2772,IMPROVEMENT,IMPROVEMENT
JCR-304,BUILD_SYSTEM,TASK
JCR-95,BUILD_SYSTEM,IMPROVEMENT
JCR-2038,IMPROVEMENT,IMPROVEMENT
JCR-2063,BUG,BUG
JCR-415,IMPROVEMENT,IMPROVEMENT
JCR-2684,BUG,BUG
JCR-3019,REFACTORING,IMPROVEMENT
JCR-1765,IMPROVEMENT,IMPROVEMENT
JCR-2832,BUG,BUG
JCR-1081,TEST,BUG
JCR-705,BUG,BUG
JCR-915,BUG,BUG
JCR-1085,CLEANUP,IMPROVEMENT
JCR-1430,BUILD_SYSTEM,IMPROVEMENT
JCR-2837,BUG,BUG
JCR-68,BUG,BUG
JCR-2940,BUG,BUG
JCR-594,RFE,BUG
JCR-1025,IMPROVEMENT,IMPROVEMENT
JCR-835,OTHER,BUG
JCR-958,IMPROVEMENT,IMPROVEMENT
JCR-3132,TEST,IMPROVEMENT
JCR-602,IMPROVEMENT,BUG
JCR-865,BUILD_SYSTEM,BUG
JCR-120,BUG,BUG
JCR-1200,RFE,IMPROVEMENT
JCR-3248,REFACTORING,IMPROVEMENT
JCR-2890,BUG,BUG
JCR-343,RFE,IMPROVEMENT
JCR-1679,BUG,BUG
JCR-940,RFE,IMPROVEMENT
JCR-2710,RFE,IMPROVEMENT
JCR-758,BUG,BUG
JCR-514,TEST,BUG
JCR-755,RFE,RFE
JCR-193,SPEC,IMPROVEMENT
JCR-1413,IMPROVEMENT,IMPROVEMENT
JCR-1143,BUG,BUG
JCR-1756,BUILD_SYSTEM,IMPROVEMENT
JCR-945,BUILD_SYSTEM,BUG
JCR-1090,BUG,BUG
JCR-1448,BUG,BUG
JCR-207,BUG,BUG
JCR-2320,RFE,IMPROVEMENT
JCR-2106,BUG,IMPROVEMENT
JCR-1142,BUG,IMPROVEMENT
JCR-2261,TEST,BUG
JCR-3007,BUG,BUG
JCR-525,TEST,BUG
JCR-2632,BUG,BUG
JCR-1883,BUG,BUG
JCR-1063,IMPROVEMENT,IMPROVEMENT
JCR-896,IMPROVEMENT,IMPROVEMENT
JCR-962,BUG,BUG
JCR-2824,REFACTORING,BUG
JCR-2174,CLEANUP,IMPROVEMENT
JCR-632,BUG,BUG
JCR-2016,IMPROVEMENT,BUG
JCR-2978,RFE,IMPROVEMENT
JCR-809,TEST,IMPROVEMENT
JCR-2774,RFE,BUG
JCR-1719,RFE,RFE
JCR-530,OTHER,TASK
JCR-1998,IMPROVEMENT,IMPROVEMENT
JCR-1539,CLEANUP,IMPROVEMENT
JCR-815,BUG,BUG
JCR-59,BUG,BUG
JCR-544,BUG,BUG
JCR-715,BUILD_SYSTEM,BUG
JCR-145,RFE,IMPROVEMENT
JCR-1111,IMPROVEMENT,IMPROVEMENT
JCR-1817,REFACTORING,BUG
JCR-2140,RFE,
JCR-917,BUILD_SYSTEM,IMPROVEMENT
JCR-410,IMPROVEMENT,IMPROVEMENT
JCR-816,BUG,BUG
JCR-858,BUG,BUG
JCR-1503,OTHER,BUG
JCR-3218,REFACTORING,BUG
JCR-1913,TEST,IMPROVEMENT
JCR-1097,REFACTORING,IMPROVEMENT
JCR-1365,IMPROVEMENT,IMPROVEMENT
JCR-131,IMPROVEMENT,IMPROVEMENT
JCR-711,BUG,BUG
JCR-57,BUG,BUG
JCR-375,BUG,BUG
JCR-33,BUG,BUG
JCR-1718,IMPROVEMENT,IMPROVEMENT
JCR-2587,IMPROVEMENT,IMPROVEMENT
JCR-532,BUG,BUG
JCR-704,BUILD_SYSTEM,IMPROVEMENT
JCR-164,BUG,BUG
JCR-2543,BUG,BUG
JCR-2835,IMPROVEMENT,IMPROVEMENT
JCR-545,RFE,IMPROVEMENT
JCR-1922,SPEC,IMPROVEMENT
JCR-2749,CLEANUP,IMPROVEMENT
JCR-980,BUG,BUG
JCR-380,TASK,TASK
JCR-2152,RFE,IMPROVEMENT
JCR-481,TEST,BUG
JCR-420,BUG,BUG
JCR-1226,IMPROVEMENT,BUG
JCR-801,RFE,IMPROVEMENT
JCR-2895,RFE,BUG
JCR-684,IMPROVEMENT,IMPROVEMENT
JCR-884,BUG,BUG
JCR-447,BUG,BUG
JCR-1696,IMPROVEMENT,IMPROVEMENT
JCR-2055,RFE,RFE
JCR-2975,RFE,IMPROVEMENT
JCR-719,BUG,BUG
JCR-2121,IMPROVEMENT,IMPROVEMENT
JCR-428,BUG,BUG
JCR-2276,BUG,BUG
JCR-2458,RFE,IMPROVEMENT
JCR-1289,RFE,RFE
JCR-105,RFE,IMPROVEMENT
JCR-166,BUG,BUG
JCR-4,TASK,TASK
JCR-122,BUG,BUG
JCR-1920,BUG,BUG
JCR-3178,DOCUMENTATION,IMPROVEMENT
JCR-670,IMPROVEMENT,IMPROVEMENT
JCR-1576,CLEANUP,IMPROVEMENT
JCR-1439,BUG,BUG
JCR-1021,IMPROVEMENT,IMPROVEMENT
JCR-912,BUG,BUG
JCR-368,RFE,RFE
JCR-2415,IMPROVEMENT,IMPROVEMENT
JCR-2573,IMPROVEMENT,IMPROVEMENT
JCR-1176,IMPROVEMENT,BUG
JCR-3046,IMPROVEMENT,IMPROVEMENT
JCR-142,DESIGN_DEFECT,IMPROVEMENT
JCR-448,BUG,BUG
JCR-668,RFE,IMPROVEMENT
JCR-384,BUG,BUG
JCR-2470,OTHER,IMPROVEMENT
JCR-826,TEST,BUG
JCR-1527,RFE,IMPROVEMENT
JCR-1585,TEST,TEST
JCR-1793,IMPROVEMENT,IMPROVEMENT
JCR-655,TEST,BUG
JCR-243,REFACTORING,IMPROVEMENT
JCR-2231,IMPROVEMENT,IMPROVEMENT
JCR-342,DESIGN_DEFECT,IMPROVEMENT
JCR-1985,BUG,BUG
JCR-197,IMPROVEMENT,IMPROVEMENT
JCR-1937,BUILD_SYSTEM,IMPROVEMENT
JCR-2258,TEST,BUG
JCR-2578,CLEANUP,IMPROVEMENT
JCR-2423,REFACTORING,IMPROVEMENT
JCR-1408,BUG,BUG
JCR-886,BUG,BUG
JCR-2262,IMPROVEMENT,IMPROVEMENT
JCR-1683,TEST,IMPROVEMENT
JCR-2171,BUG,BUG
JCR-3001,BUG,BUG
JCR-971,BUG,BUG
JCR-348,RFE,IMPROVEMENT
JCR-753,DOCUMENTATION,BUG
JCR-1566,BUG,BUG
JCR-1040,BUG,BUG
JCR-892,BUG,BUG
JCR-79,BUG,BUG
JCR-2800,RFE,RFE
JCR-3081,RFE,RFE
JCR-485,TEST,BUG
JCR-1069,TEST,BUG
JCR-2259,CLEANUP,IMPROVEMENT
JCR-1674,RFE,IMPROVEMENT
JCR-1188,RFE,RFE
JCR-2265,IMPROVEMENT,IMPROVEMENT
JCR-2746,BUG,BUG
JCR-3075,BUG,BUG
JCR-2759,IMPROVEMENT,IMPROVEMENT
JCR-179,BUG,BUG
JCR-1964,BUG,BUG
JCR-2176,BUG,BUG
JCR-2795,IMPROVEMENT,IMPROVEMENT
JCR-2223,BUG,BUG
JCR-1409,BUG,BUG
JCR-2301,RFE,RFE
JCR-3036,BUG,BUG
JCR-2879,RFE,RFE
JCR-743,BUG,BUG
JCR-890,IMPROVEMENT,IMPROVEMENT
JCR-446,IMPROVEMENT,IMPROVEMENT
JCR-109,BUG,BUG
JCR-2594,RFE,IMPROVEMENT
JCR-1805,IMPROVEMENT,IMPROVEMENT
JCR-582,RFE,BUG
JCR-3229,RFE,IMPROVEMENT
JCR-2695,TEST,IMPROVEMENT
JCR-1072,TEST,BUG
JCR-451,IMPROVEMENT,IMPROVEMENT
JCR-967,IMPROVEMENT,IMPROVEMENT
JCR-1231,CLEANUP,IMPROVEMENT
JCR-906,RFE,RFE
JCR-1775,RFE,IMPROVEMENT
JCR-226,BUG,BUG
JCR-256,IMPROVEMENT,IMPROVEMENT
JCR-1282,DOCUMENTATION,IMPROVEMENT
JCR-2613,BUG,BUG
JCR-2352,BUG,BUG
JCR-1316,IMPROVEMENT,IMPROVEMENT
JCR-1398,BUG,BUG
JCR-2100,TEST,IMPROVEMENT
JCR-457,BUG,BUG
JCR-283,BUG,BUG
JCR-1497,TEST,BUG
JCR-2477,IMPROVEMENT,IMPROVEMENT
JCR-1024,IMPROVEMENT,IMPROVEMENT
JCR-2019,UNKNOWN,BUG
JCR-3266,BUG,BUG
JCR-1699,IMPROVEMENT,IMPROVEMENT
JCR-677,IMPROVEMENT,IMPROVEMENT
JCR-3004,IMPROVEMENT,IMPROVEMENT
JCR-1737,IMPROVEMENT,BUG
JCR-363,SPEC,BUG
JCR-1303,BUILD_SYSTEM,BUG
JCR-3080,RFE,RFE
JCR-2805,IMPROVEMENT,IMPROVEMENT
JCR-225,IMPROVEMENT,IMPROVEMENT
JCR-2115,RFE,
JCR-190,IMPROVEMENT,IMPROVEMENT
JCR-1315,DOCUMENTATION,TASK
JCR-1745,IMPROVEMENT,IMPROVEMENT
JCR-1356,DOCUMENTATION,TASK
JCR-1110,TEST,BUG
JCR-627,BUG,BUG
JCR-918,TEST,TEST
JCR-15,BUG,BUG
JCR-2553,BUG,BUG
JCR-3047,RFE,IMPROVEMENT
JCR-327,BUG,BUG
JCR-2817,IMPROVEMENT,IMPROVEMENT
JCR-261,BUG,BUG
JCR-2752,BUG,BUG
JCR-1068,TEST,BUG
JCR-536,TEST,BUG
JCR-1726,BUILD_SYSTEM,TASK
JCR-762,BUG,BUG
JCR-2781,IMPROVEMENT,IMPROVEMENT
JCR-189,IMPROVEMENT,IMPROVEMENT
JCR-1924,RFE,IMPROVEMENT
JCR-2080,BUG,BUG
JCR-977,RFE,IMPROVEMENT
JCR-658,TEST,BUG
JCR-81,SPEC,BUG
JCR-1371,IMPROVEMENT,IMPROVEMENT
JCR-1502,BUG,BUG
JCR-2108,RFE,
JCR-3149,BUG,BUG
JCR-2826,BUG,BUG
JCR-2939,BUG,BUG
JCR-1878,IMPROVEMENT,IMPROVEMENT
JCR-1857,BUG,BUG
JCR-2465,BUG,BUG
JCR-436,BUG,BUG
JCR-13,IMPROVEMENT,BUG
JCR-1120,TEST,BUG
JCR-2993,RFE,IMPROVEMENT
JCR-2793,CLEANUP,BUG
JCR-2487,BUG,BUG
JCR-2304,BUG,BUG
JCR-920,RFE,IMPROVEMENT
JCR-2058,RFE,
JCR-2468,BUG,BUG
JCR-2291,BUG,BUG
JCR-1155,DOCUMENTATION,IMPROVEMENT
JCR-70,SPEC,BUG
JCR-1819,RFE,IMPROVEMENT
JCR-2976,RFE,IMPROVEMENT
JCR-1714,BUG,BUG
JCR-366,RFE,IMPROVEMENT
JCR-1467,RFE,RFE
JCR-2107,RFE,
JCR-2356,BUG,BUG
JCR-2448,RFE,IMPROVEMENT
JCR-1727,BUG,BUG
JCR-1865,RFE,IMPROVEMENT
JCR-1170,BUG,BUG
JCR-1017,IMPROVEMENT,IMPROVEMENT
JCR-2209,IMPROVEMENT,IMPROVEMENT
JCR-1611,BUG,BUG
JCR-2405,BUG,BUG
JCR-1459,BUG,BUG
JCR-1816,RFE,IMPROVEMENT
JCR-1744,BUG,BUG
JCR-2576,BUG,BUG
JCR-1038,BUG,BUG
JCR-2726,IMPROVEMENT,IMPROVEMENT
JCR-313,RFE,IMPROVEMENT
JCR-108,BUG,BUG
JCR-421,BUG,BUG
JCR-2498,RFE,IMPROVEMENT
JCR-2943,IMPROVEMENT,IMPROVEMENT
JCR-2288,SPEC,BUG
JCR-1866,BUG,BUG
JCR-2218,IMPROVEMENT,IMPROVEMENT
JCR-2460,REFACTORING,IMPROVEMENT
JCR-1551,IMPROVEMENT,BUG
JCR-1478,TEST,TEST
JCR-1468,BUG,BUG
JCR-2014,IMPROVEMENT,BUG
JCR-1344,BUG,IMPROVEMENT
JCR-175,RFE,IMPROVEMENT
JCR-1389,BUG,BUG
JCR-1297,OTHER,IMPROVEMENT
JCR-626,OTHER,IMPROVEMENT
JCR-1926,BUG,BUG
JCR-2149,CLEANUP,IMPROVEMENT
JCR-2224,RFE,IMPROVEMENT
JCR-62,BUG,BUG
JCR-2007,BUG,BUG
JCR-2649,RFE,RFE
JCR-273,BUG,BUG
JCR-2156,DOCUMENTATION,IMPROVEMENT
JCR-2455,BUILD_SYSTEM,IMPROVEMENT
JCR-180,RFE,BUG
JCR-2200,RFE,
JCR-913,BUG,BUG
JCR-894,BUG,BUG
JCR-1976,BUG,BUG
JCR-2127,BUG,BUG
JCR-1530,BUG,BUG
JCR-2365,BUG,BUG
JCR-1392,IMPROVEMENT,BUG
JCR-106,IMPROVEMENT,IMPROVEMENT
JCR-1190,IMPROVEMENT,IMPROVEMENT
JCR-1304,OTHER,RFE
JCR-459,RFE,IMPROVEMENT
JCR-2021,RFE,IMPROVEMENT
JCR-804,IMPROVEMENT,IMPROVEMENT
JCR-414,BUG,BUG
JCR-2332,BUG,BUG
JCR-1417,CLEANUP,IMPROVEMENT
JCR-1789,RFE,IMPROVEMENT
JCR-3037,RFE,RFE
JCR-1313,RFE,IMPROVEMENT
JCR-3051,TEST,IMPROVEMENT
JCR-2714,RFE,IMPROVEMENT
JCR-1250,IMPROVEMENT,BUG
JCR-1388,RFE,IMPROVEMENT
JCR-1079,RFE,RFE
JCR-2411,IMPROVEMENT,IMPROVEMENT
JCR-461,BUG,BUG
JCR-2191,TEST,TEST
JCR-295,IMPROVEMENT,BUG
JCR-1935,BUG,BUG
JCR-1519,BUG,BUG
JCR-2500,IMPROVEMENT,IMPROVEMENT
JCR-3214,BUG,BUG
JCR-2693,TEST,IMPROVEMENT
JCR-1492,RFE,IMPROVEMENT
JCR-328,BUG,BUG
JCR-3231,TEST,IMPROVEMENT
JCR-2324,CLEANUP,TASK
JCR-2242,BUG,BUG
JCR-443,BUG,BUG
JCR-1636,RFE,IMPROVEMENT
JCR-1030,RFE,IMPROVEMENT
JCR-307,IMPROVEMENT,IMPROVEMENT
JCR-2780,IMPROVEMENT,IMPROVEMENT
JCR-2513,CLEANUP,IMPROVEMENT
JCR-1185,BUILD_SYSTEM,BUG
JCR-985,REFACTORING,IMPROVEMENT
JCR-3062,REFACTORING,IMPROVEMENT
JCR-2636,TEST,BUG
JCR-1031,IMPROVEMENT,IMPROVEMENT
JCR-1372,BUG,BUG
JCR-2711,RFE,IMPROVEMENT
JCR-1377,IMPROVEMENT,IMPROVEMENT
JCR-2275,IMPROVEMENT,IMPROVEMENT
JCR-121,TEST,BUG
JCR-1003,IMPROVEMENT,IMPROVEMENT
JCR-316,TASK,IMPROVEMENT
JCR-1833,TEST,IMPROVEMENT
JCR-2582,IMPROVEMENT,BUG
JCR-2299,BUG,BUG
JCR-1709,CLEANUP,IMPROVEMENT
JCR-617,BUG,BUG
JCR-3227,BUG,BUG
JCR-1225,IMPROVEMENT,IMPROVEMENT
JCR-305,RFE,IMPROVEMENT
JCR-2547,BUG,BUG
JCR-2680,BUG,BUG
JCR-377,TASK,IMPROVEMENT
JCR-3152,IMPROVEMENT,BUG
JCR-28,BUG,BUG
JCR-3054,DOCUMENTATION,IMPROVEMENT
JCR-1299,OTHER,IMPROVEMENT
JCR-2953,BUG,BUG
JCR-1812,IMPROVEMENT,IMPROVEMENT
JCR-2214,IMPROVEMENT,IMPROVEMENT
JCR-3084,OTHER,IMPROVEMENT
JCR-46,BUG,BUG
JCR-1783,BUG,BUG
JCR-1008,TEST,BUG
JCR-3128,BACKPORT,BUG
JCR-112,BUILD_SYSTEM,IMPROVEMENT
JCR-2650,IMPROVEMENT,IMPROVEMENT
JCR-903,OTHER,IMPROVEMENT
JCR-1088,TEST,BUG
JCR-2845,IMPROVEMENT,IMPROVEMENT
JCR-2142,IMPROVEMENT,BUG
JCR-1184,RFE,RFE
JCR-426,BUG,BUG
JCR-1481,BUG,BUG
JCR-1199,IMPROVEMENT,IMPROVEMENT
JCR-1342,BUILD_SYSTEM,IMPROVEMENT
JCR-1570,IMPROVEMENT,IMPROVEMENT
JCR-258,IMPROVEMENT,IMPROVEMENT
JCR-2463,IMPROVEMENT,IMPROVEMENT
JCR-2515,BUG,BUG
JCR-1776,TEST,BUG
JCR-1603,CLEANUP,IMPROVEMENT
JCR-508,TEST,BUG
JCR-1716,IMPROVEMENT,IMPROVEMENT
JCR-796,TEST,BUG
JCR-1318,BUG,BUG
JCR-1275,BUG,BUG
JCR-2828,BUG,BUG
JCR-1651,BUG,BUG
JCR-3120,DOCUMENTATION,IMPROVEMENT
JCR-2377,IMPROVEMENT,IMPROVEMENT
JCR-1284,IMPROVEMENT,IMPROVEMENT
JCR-1910,BUG,BUG
JCR-1870,IMPROVEMENT,IMPROVEMENT
JCR-2431,IMPROVEMENT,IMPROVEMENT
JCR-167,BUILD_SYSTEM,IMPROVEMENT
JCR-1912,BUG,BUG
JCR-1771,IMPROVEMENT,IMPROVEMENT
JCR-2198,TEST,
JCR-1741,IMPROVEMENT,IMPROVEMENT
JCR-1134,BUG,BUG
JCR-403,RFE,IMPROVEMENT
JCR-370,BUG,BUG
JCR-2495,BUILD_SYSTEM,IMPROVEMENT
JCR-67,BUG,BUG
JCR-1647,BUG,BUG
JCR-2598,BUG,BUG
JCR-1799,BUG,BUG
JCR-768,BUG,BUG
JCR-2809,BUG,BUG
JCR-1652,IMPROVEMENT,IMPROVEMENT
JCR-1563,BUG,BUG
JCR-1597,BUG,BUG
JCR-837,BUG,RFE
JCR-3016,BUG,BUG
JCR-2723,IMPROVEMENT,IMPROVEMENT
JCR-2630,BUG,BUG
JCR-1560,BUG,BUG
JCR-1918,BUG,BUG
JCR-130,RFE,IMPROVEMENT
JCR-1000,CLEANUP,IMPROVEMENT
JCR-540,TEST,BUG
JCR-1305,BUG,BUG
JCR-1283,DOCUMENTATION,IMPROVEMENT
JCR-2527,BUG,BUG
JCR-2401,BUILD_SYSTEM,BUG
JCR-1956,BUG,BUG
JCR-3210,BUG,BUG
JCR-2336,BUG,BUG
JCR-462,IMPROVEMENT,IMPROVEMENT
JCR-1598,IMPROVEMENT,BUG
JCR-2946,IMPROVEMENT,IMPROVEMENT
JCR-1149,BUG,BUG
JCR-1943,TEST,IMPROVEMENT
JCR-1355,BUG,BUG
JCR-2882,BUG,BUG
JCR-946,RFE,RFE
JCR-126,CLEANUP,IMPROVEMENT
JCR-1166,IMPROVEMENT,IMPROVEMENT
JCR-195,BUG,BUG
JCR-1573,BUG,BUG
JCR-3268,IMPROVEMENT,BUG
JCR-1402,IMPROVEMENT,IMPROVEMENT
JCR-976,IMPROVEMENT,IMPROVEMENT
JCR-3286,BUG,IMPROVEMENT
JCR-1791,RFE,RFE
JCR-2323,BUG,BUG
JCR-931,BUG,BUG
JCR-232,BUG,BUG
JCR-3185,REFACTORING,IMPROVEMENT
JCR-1987,BUG,BUG
JCR-1005,IMPROVEMENT,IMPROVEMENT
JCR-3003,BUG,BUG
JCR-357,TASK,TASK
JCR-359,TEST,BUG
JCR-779,RFE,RFE
JCR-2901,BUG,BUG
JCR-84,BUG,BUG
JCR-277,DOCUMENTATION,IMPROVEMENT
JCR-737,TEST,BUG
JCR-50,BUG,BUG
JCR-1181,REFACTORING,IMPROVEMENT
JCR-1823,BUG,BUG
JCR-501,TEST,BUG
JCR-2060,RFE,
JCR-3191,BUILD_SYSTEM,
JCR-2454,RFE,
JCR-1309,REFACTORING,IMPROVEMENT
JCR-979,BUILD_SYSTEM,IMPROVEMENT
JCR-1624,IMPROVEMENT,IMPROVEMENT
JCR-1230,IMPROVEMENT,IMPROVEMENT
JCR-718,BUG,BUG
JCR-2642,IMPROVEMENT,IMPROVEMENT
JCR-2289,RFE,BUG
JCR-1044,BUG,BUG
JCR-1469,IMPROVEMENT,IMPROVEMENT
JCR-127,IMPROVEMENT,RFE
JCR-1252,CLEANUP,IMPROVEMENT
JCR-1041,IMPROVEMENT,IMPROVEMENT
JCR-2427,BUG,BUG
JCR-2397,RFE,IMPROVEMENT
JCR-2620,RFE,IMPROVEMENT
JCR-341,BUG,BUG
JCR-857,RFE,RFE
JCR-2600,IMPROVEMENT,BUG
JCR-863,IMPROVEMENT,IMPROVEMENT
JCR-3058,RFE,RFE
JCR-1983,RFE,IMPROVEMENT
JCR-1137,TEST,BUG
JCR-791,IMPROVEMENT,IMPROVEMENT
JCR-2153,RFE,IMPROVEMENT
JCR-2936,RFE,RFE
JCR-1480,BUG,BUG
JCR-1633,BUG,BUG
JCR-2462,BUG,BUG
JCR-1869,IMPROVEMENT,IMPROVEMENT
JCR-2257,BUG,BUG
JCR-1541,BUG,BUG
JCR-2087,IMPROVEMENT,IMPROVEMENT
JCR-2120,RFE,RFE
JCR-1605,RFE,RFE
JCR-1499,BUG,BUG
JCR-2148,RFE,IMPROVEMENT
JCR-388,RFE,RFE
JCR-2083,BUG,BUG
JCR-372,DOCUMENTATION,TASK
JCR-2579,BUG,BUG
JCR-1733,RFE,RFE
JCR-1106,RFE,RFE
JCR-1108,IMPROVEMENT,IMPROVEMENT
JCR-2796,BUG,BUG
JCR-53,REFACTORING,IMPROVEMENT
JCR-2360,RFE,RFE
JCR-2655,BUG,BUG
JCR-1022,IMPROVEMENT,IMPROVEMENT
JCR-2035,BUG,BUG
JCR-2991,BUG,BUG
JCR-2785,IMPROVEMENT,BUG
JCR-1007,REFACTORING,IMPROVEMENT
JCR-3203,IMPROVEMENT,IMPROVEMENT
JCR-767,BUILD_SYSTEM,IMPROVEMENT
JCR-2375,IMPROVEMENT,IMPROVEMENT
JCR-1171,RFE,RFE
JCR-2449,IMPROVEMENT,BUG
JCR-2954,BUG,BUG
JCR-1224,IMPROVEMENT,IMPROVEMENT
JCR-3005,RFE,RFE
JCR-267,TEST,BUG
JCR-21,BUG,BUG
JCR-1828,DOCUMENTATION,IMPROVEMENT
JCR-1301,BUG,BUG
JCR-2093,RFE,
JCR-1036,BUG,BUG
JCR-289,RFE,RFE
JCR-1974,RFE,
JCR-954,RFE,RFE
JCR-1532,BUG,BUG
JCR-3063,BUG,BUG
JCR-1264,TEST,BUG
JCR-128,BUG,BUG
JCR-1064,IMPROVEMENT,IMPROVEMENT
JCR-129,CLEANUP,BUG
JCR-2804,RFE,IMPROVEMENT
JCR-2330,BACKPORT,IMPROVEMENT
JCR-868,RFE,RFE
JCR-355,REFACTORING,IMPROVEMENT
JCR-1484,RFE,BUG
JCR-1013,BUG,BUG
JCR-2183,RFE,IMPROVEMENT
JCR-2933,BUG,BUG
JCR-150,BUG,BUG
JCR-1800,BUG,BUG
JCR-2617,BUG,BUG
JCR-2091,RFE,
JCR-2546,IMPROVEMENT,IMPROVEMENT
JCR-1418,REFACTORING,IMPROVEMENT
JCR-722,BUG,BUG
JCR-3243,RFE,IMPROVEMENT
JCR-2135,IMPROVEMENT,IMPROVEMENT
JCR-606,BUG,BUG
JCR-3170,BUILD_SYSTEM,IMPROVEMENT
JCR-1556,OTHER,BUG
JCR-287,BUG,BUG
JCR-547,TEST,BUG
JCR-2743,BUG,BUG
JCR-422,BUG,BUG
JCR-3195,TEST,BUG
JCR-2314,DESIGN_DEFECT,IMPROVEMENT
JCR-1488,BUG,IMPROVEMENT
JCR-2812,RFE,IMPROVEMENT
JCR-1011,RFE,IMPROVEMENT
JCR-2056,RFE,
JCR-1014,REFACTORING,IMPROVEMENT
JCR-814,BUG,BUG
JCR-2525,BUG,BUG
JCR-2763,CLEANUP,IMPROVEMENT
JCR-2309,CLEANUP,IMPROVEMENT
JCR-1661,BUG,IMPROVEMENT
JCR-989,RFE,RFE
JCR-1245,RFE,BUG
JCR-637,BUG,BUG
JCR-1640,BUG,BUG
JCR-2402,IMPROVEMENT,IMPROVEMENT
JCR-3162,IMPROVEMENT,IMPROVEMENT
JCR-2720,BUG,BUG
JCR-820,RFE,RFE
JCR-2972,RFE,IMPROVEMENT
JCR-369,BUG,BUG
JCR-747,TEST,BUG
JCR-3048,BUILD_SYSTEM,IMPROVEMENT
JCR-2760,IMPROVEMENT,IMPROVEMENT
JCR-2280,IMPROVEMENT,IMPROVEMENT
JCR-2410,BUG,BUG
JCR-185,RFE,IMPROVEMENT
JCR-58,IMPROVEMENT,IMPROVEMENT
JCR-2027,IMPROVEMENT,IMPROVEMENT
JCR-3194,BUG,BUG
JCR-1577,CLEANUP,IMPROVEMENT
JCR-251,BUG,BUG
JCR-927,RFE,IMPROVEMENT
JCR-552,REFACTORING,IMPROVEMENT
JCR-1263,REFACTORING,IMPROVEMENT
JCR-1555,RFE,IMPROVEMENT
JCR-2540,BUG,BUG
JCR-802,TASK,TASK
JCR-555,IMPROVEMENT,IMPROVEMENT
JCR-2085,TEST,
JCR-3077,BUG,BUG
JCR-1117,BUG,BUG
JCR-969,IMPROVEMENT,IMPROVEMENT
JCR-756,BUG,BUG
JCR-314,IMPROVEMENT,IMPROVEMENT
JCR-48,BUG,BUG
JCR-3006,BUG,BUG
JCR-1528,BUG,BUG
JCR-2196,IMPROVEMENT,IMPROVEMENT
JCR-2807,BUG,BUG
JCR-1958,RFE,RFE
JCR-1989,IMPROVEMENT,IMPROVEMENT
JCR-660,BUG,IMPROVEMENT
JCR-2307,BUG,BUG
JCR-2318,IMPROVEMENT,IMPROVEMENT
JCR-1319,BUG,BUG
JCR-2213,BUG,BUG
JCR-317,REFACTORING,IMPROVEMENT
JCR-2443,BUG,BUG
JCR-812,TEST,BUG
JCR-685,IMPROVEMENT,IMPROVEMENT
JCR-2052,BUG,BUG
JCR-2629,RFE,IMPROVEMENT
JCR-2129,BUG,BUG
JCR-1099,BUG,BUG
JCR-995,RFE,RFE
JCR-640,TASK,TASK
JCR-1599,BUG,BUG
JCR-2434,TEST,TEST
JCR-1268,REFACTORING,IMPROVEMENT
JCR-2647,IMPROVEMENT,IMPROVEMENT
JCR-1654,OTHER,IMPROVEMENT
JCR-3159,BUG,BUG
JCR-2389,BUILD_SYSTEM,TASK
JCR-575,BUILD_SYSTEM,BUG
JCR-495,TEST,BUG
JCR-2820,BUG,BUG
JCR-2260,BUG,BUG
JCR-494,IMPROVEMENT,BUG
JCR-2744,IMPROVEMENT,IMPROVEMENT
JCR-3089,BUG,BUG
JCR-2881,BUG,BUG
JCR-1293,TEST,BUG
JCR-1755,BUG,BUG
JCR-2464,IMPROVEMENT,IMPROVEMENT
JCR-997,DESIGN_DEFECT,IMPROVEMENT
JCR-3014,BUG,BUG
JCR-2110,BUG,BUG
JCR-482,BUG,BUG
JCR-1270,BUG,BUG
JCR-1697,RFE,RFE
JCR-993,BUG,BUG
JCR-235,IMPROVEMENT,IMPROVEMENT
JCR-2166,RFE,IMPROVEMENT
JCR-1491,BUG,BUG
JCR-2229,IMPROVEMENT,IMPROVEMENT
JCR-1557,BUG,BUG
JCR-266,BUG,BUG
JCR-3122,IMPROVEMENT,IMPROVEMENT
JCR-1619,DOCUMENTATION,IMPROVEMENT
JCR-1029,RFE,BUG
JCR-1728,IMPROVEMENT,BUG
JCR-910,RFE,BUG
JCR-1053,BUG,BUG
JCR-1477,DOCUMENTATION,BUG
JCR-3017,BUG,BUG
JCR-1376,BUG,BUG
JCR-2157,RFE,BUG
JCR-391,BUG,BUG
JCR-3202,IMPROVEMENT,IMPROVEMENT
JCR-2885,REFACTORING,IMPROVEMENT
JCR-1839,RFE,
JCR-1578,TEST,BUG
JCR-1474,BUG,BUG
JCR-2825,BUG,BUG
JCR-1612,BACKPORT,BUG
JCR-1662,RFE,RFE
JCR-1055,BUG,BUG
JCR-2934,DOCUMENTATION,IMPROVEMENT
JCR-135,RFE,IMPROVEMENT
JCR-1216,BUG,BUG
JCR-2105,RFE,
JCR-1266,IMPROVEMENT,IMPROVEMENT
JCR-2451,RFE,IMPROVEMENT
JCR-3002,RFE,IMPROVEMENT
JCR-1602,BUG,BUG
JCR-2128,IMPROVEMENT,IMPROVEMENT
JCR-2461,IMPROVEMENT,IMPROVEMENT
JCR-2081,BUG,BUG
JCR-649,BUG,BUG
JCR-2665,SPEC,BUG
JCR-720,TEST,BUG
JCR-2532,BUG,BUG
JCR-1830,BUG,BUG
JCR-192,BUG,BUG
JCR-2707,IMPROVEMENT,IMPROVEMENT
JCR-2466,BUG,BUG
JCR-1721,RFE,RFE
JCR-222,IMPROVEMENT,IMPROVEMENT
JCR-2373,IMPROVEMENT,IMPROVEMENT
JCR-1715,IMPROVEMENT,IMPROVEMENT
JCR-2764,BUG,BUG
JCR-1302,BUG,BUG
JCR-445,IMPROVEMENT,BUG
JCR-2888,BUG,BUG
JCR-3224,OTHER,BUG
JCR-138,IMPROVEMENT,BUG
JCR-539,BUG,BUG
JCR-2039,IMPROVEMENT,IMPROVEMENT
JCR-592,BUILD_SYSTEM,IMPROVEMENT
JCR-345,IMPROVEMENT,IMPROVEMENT
JCR-1461,BUG,BUG
JCR-2436,BUG,BUG
JCR-16,BUG,BUG
JCR-311,REFACTORING,TASK
JCR-1885,RFE,RFE
JCR-99,RFE,IMPROVEMENT
JCR-2870,BUG,BUG
JCR-511,TEST,BUG
JCR-1306,IMPROVEMENT,IMPROVEMENT
JCR-35,BUG,BUG
JCR-950,BUG,BUG
JCR-1457,BUG,BUG
JCR-2071,BUG,BUG
JCR-1516,RFE,IMPROVEMENT
JCR-2856,IMPROVEMENT,IMPROVEMENT
JCR-1350,RFE,RFE
JCR-859,BUG,BUG
JCR-2193,BUG,BUG
JCR-365,BUG,BUG
JCR-337,IMPROVEMENT,IMPROVEMENT
JCR-3237,REFACTORING,IMPROVEMENT
JCR-2195,RFE,RFE
JCR-2554,BUG,BUG
JCR-2891,BUG,BUG
JCR-746,BUG,BUG
JCR-893,BUG,BUG
JCR-778,BUG,BUG
JCR-741,BUG,BUG
JCR-2524,IMPROVEMENT,IMPROVEMENT
JCR-1826,IMPROVEMENT,IMPROVEMENT
JCR-3040,RFE,
JCR-1856,IMPROVEMENT,IMPROVEMENT
JCR-1729,BUG,BUG
JCR-2013,BUG,BUG
JCR-3200,IMPROVEMENT,IMPROVEMENT
JCR-600,BUG,BUG
JCR-2471,OTHER,IMPROVEMENT
JCR-714,BUG,BUG
JCR-1043,OTHER,BUG
JCR-110,REFACTORING,TASK
JCR-3056,RFE,RFE
JCR-1087,IMPROVEMENT,IMPROVEMENT
JCR-2094,REFACTORING,IMPROVEMENT
JCR-900,BUG,BUG
JCR-2973,SPEC,BUG
JCR-783,TEST,BUG
JCR-3272,BUG,BUG
JCR-3225,BUG,BUG
JCR-2143,BUG,BUG
JCR-87,IMPROVEMENT,
JCR-2184,RFE,IMPROVEMENT
JCR-2542,BUG,BUG
JCR-136,BUG,BUG
JCR-2328,BUG,BUG
JCR-1872,IMPROVEMENT,IMPROVEMENT
JCR-1078,BUG,BUG
JCR-2725,BUG,BUG
JCR-1981,TEST,IMPROVEMENT
JCR-3029,BUILD_SYSTEM,IMPROVEMENT
JCR-911,IMPROVEMENT,BUG
JCR-470,IMPROVEMENT,IMPROVEMENT
JCR-2866,BUG,BUG
JCR-1128,BUG,BUG
JCR-1343,IMPROVEMENT,IMPROVEMENT
JCR-1554,BUG,BUG
JCR-828,TEST,BUG
JCR-2843,BUG,BUG
JCR-3102,DOCUMENTATION,IMPROVEMENT
JCR-813,TEST,BUG
JCR-381,IMPROVEMENT,IMPROVEMENT
JCR-842,BUG,BUG
JCR-2583,TEST,BUG
JCR-2403,BUG,BUG
JCR-2541,RFE,BUG
JCR-982,IMPROVEMENT,IMPROVEMENT
JCR-332,BUILD_SYSTEM,RFE
JCR-2064,RFE,BUG
JCR-2369,BUG,BUG
JCR-789,BUG,BUG
JCR-458,BUG,BUG
JCR-2054,RFE,RFE
JCR-1131,BUG,BUG
JCR-1443,DESIGN_DEFECT,IMPROVEMENT
JCR-1889,IMPROVEMENT,BUG
JCR-2961,DOCUMENTATION,RFE
JCR-1868,BUG,BUG
JCR-20,IMPROVEMENT,BUG
JCR-1267,CLEANUP,IMPROVEMENT
JCR-100,RFE,BUG
JCR-1271,BUG,BUG
JCR-2488,RFE,IMPROVEMENT
JCR-293,BUG,BUG
JCR-949,RFE,IMPROVEMENT
JCR-2065,IMPROVEMENT,IMPROVEMENT
JCR-1238,IMPROVEMENT,IMPROVEMENT
JCR-371,BUG,BUG
JCR-140,BUG,BUG
JCR-2456,BUG,BUG
JCR-1944,IMPROVEMENT,IMPROVEMENT
JCR-2648,SPEC,BUG
JCR-2838,BUG,BUG
JCR-416,RFE,RFE
JCR-213,IMPROVEMENT,IMPROVEMENT
JCR-171,BUG,BUG
JCR-442,RFE,RFE
JCR-787,BUG,BUG
JCR-2353,IMPROVEMENT,IMPROVEMENT
JCR-118,IMPROVEMENT,BUG
JCR-561,RFE,IMPROVEMENT
JCR-953,RFE,IMPROVEMENT
JCR-2433,BUG,BUG
JCR-1875,BUG,BUG
JCR-1518,BUG,BUG
JCR-2676,IMPROVEMENT,IMPROVEMENT
JCR-2294,IMPROVEMENT,BUG
JCR-2161,CLEANUP,
JCR-483,BUG,IMPROVEMENT
JCR-3167,DESIGN_DEFECT,IMPROVEMENT
JCR-570,BUILD_SYSTEM,IMPROVEMENT
JCR-2279,IMPROVEMENT,IMPROVEMENT
JCR-2394,IMPROVEMENT,IMPROVEMENT
JCR-519,RFE,BUG
JCR-1993,SPEC,BUG
JCR-850,RFE,RFE
JCR-1118,IMPROVEMENT,TASK
JCR-2338,TEST,BUG
JCR-2731,BUG,BUG
JCR-9,BUG,BUG
JCR-144,IMPROVEMENT,BUG
JCR-2521,BUG,BUG
JCR-1162,IMPROVEMENT,IMPROVEMENT
JCR-441,BUG,BUG
JCR-563,BUG,BUG
JCR-156,TASK,TASK
JCR-1116,IMPROVEMENT,IMPROVEMENT
JCR-1835,RFE,IMPROVEMENT
JCR-782,TEST,BUG
JCR-2952,TEST,TEST
JCR-760,IMPROVEMENT,IMPROVEMENT
JCR-1379,BUG,BUG
JCR-2031,IMPROVEMENT,IMPROVEMENT
JCR-2771,RFE,IMPROVEMENT
JCR-312,BUG,BUG
JCR-3025,BUG,BUG
JCR-988,BUILD_SYSTEM,IMPROVEMENT
JCR-2863,SPEC,BUG
JCR-1453,DESIGN_DEFECT,BUG
JCR-2444,BUG,BUG
JCR-2221,REFACTORING,IMPROVEMENT
JCR-2008,BUG,BUG
JCR-1070,RFE,RFE
JCR-2544,BUILD_SYSTEM,IMPROVEMENT
JCR-721,BUG,BUG
JCR-909,BUG,BUG
JCR-724,TEST,BUG
JCR-659,BUG,BUG
JCR-2955,IMPROVEMENT,IMPROVEMENT
JCR-1932,BUG,BUG
JCR-1317,RFE,IMPROVEMENT
JCR-1906,RFE,IMPROVEMENT
JCR-2207,BUG,BUG
JCR-490,TEST,BUG
JCR-2942,IMPROVEMENT,
JCR-1308,IMPROVEMENT,IMPROVEMENT
JCR-805,RFE,IMPROVEMENT
JCR-1183,BUG,BUG
JCR-2092,RFE,
JCR-2999,BUG,BUG
JCR-2909,TEST,BUG
JCR-1547,IMPROVEMENT,IMPROVEMENT
JCR-264,IMPROVEMENT,IMPROVEMENT
JCR-2435,IMPROVEMENT,IMPROVEMENT
JCR-1148,BUG,BUG
JCR-2441,IMPROVEMENT,IMPROVEMENT
JCR-2619,IMPROVEMENT,IMPROVEMENT
JCR-2329,BUILD_SYSTEM,IMPROVEMENT
JCR-3254,RFE,
JCR-2872,BUG,BUG
JCR-2683,RFE,RFE
JCR-2278,REFACTORING,IMPROVEMENT
JCR-1770,RFE,IMPROVEMENT
JCR-3,BUG,BUG
JCR-691,IMPROVEMENT,IMPROVEMENT
JCR-710,BUG,BUG
JCR-1396,BUG,BUG
JCR-3109,TEST,IMPROVEMENT
JCR-1076,TEST,BUG
JCR-101,DOCUMENTATION,BUG
JCR-1572,BUG,BUG
JCR-651,IMPROVEMENT,IMPROVEMENT
JCR-1471,IMPROVEMENT,IMPROVEMENT
JCR-615,BUG,BUG
JCR-2611,BUG,BUG
JCR-3205,BUG,BUG
JCR-56,RFE,RFE
JCR-1056,IMPROVEMENT,BUG
JCR-1046,BUG,BUG
JCR-1852,BUG,BUG
JCR-943,RFE,IMPROVEMENT
JCR-386,BUG,BUG
JCR-11,BUG,BUG
JCR-1169,REFACTORING,IMPROVEMENT
JCR-3192,DOCUMENTATION,BUG
JCR-248,RFE,IMPROVEMENT
JCR-2050,IMPROVEMENT,IMPROVEMENT
JCR-3083,IMPROVEMENT,BUG
JCR-2313,IMPROVEMENT,BUG
JCR-2147,CLEANUP,IMPROVEMENT
JCR-3098,RFE,IMPROVEMENT
JCR-176,TEST,BUG
JCR-174,IMPROVEMENT,IMPROVEMENT
JCR-1310,IMPROVEMENT,IMPROVEMENT
JCR-2799,BUG,BUG
JCR-2977,IMPROVEMENT,IMPROVEMENT
JCR-598,BUG,BUG
JCR-968,RFE,IMPROVEMENT
JCR-2367,BUG,BUG
JCR-1988,IMPROVEMENT,IMPROVEMENT
JCR-276,IMPROVEMENT,IMPROVEMENT
JCR-1759,IMPROVEMENT,IMPROVEMENT
JCR-669,REFACTORING,IMPROVEMENT
JCR-40,BUG,BUG
JCR-1010,BUG,BUG
JCR-2240,IMPROVEMENT,BUG
JCR-688,IMPROVEMENT,IMPROVEMENT
JCR-2926,BUG,IMPROVEMENT
JCR-3282,IMPROVEMENT,IMPROVEMENT
JCR-2802,CLEANUP,IMPROVEMENT
JCR-2851,RFE,RFE
JCR-2203,TEST,IMPROVEMENT
JCR-2371,BUG,BUG
JCR-1265,BUG,BUG
JCR-1247,IMPROVEMENT,IMPROVEMENT
JCR-1704,BUG,BUG
JCR-1133,BUG,BUG
JCR-2005,SPEC,
JCR-687,BUG,BUG
JCR-1033,BUG,BUG
JCR-1994,BUG,BUG
JCR-2788,RFE,RFE
JCR-2957,IMPROVEMENT,IMPROVEMENT
JCR-723,IMPROVEMENT,IMPROVEMENT
JCR-620,BUG,BUG
JCR-999,RFE,RFE
JCR-349,RFE,IMPROVEMENT
JCR-2504,RFE,IMPROVEMENT
JCR-1049,BUG,BUG
JCR-2482,CLEANUP,IMPROVEMENT
JCR-2739,BUG,BUG
JCR-252,IMPROVEMENT,IMPROVEMENT
JCR-2137,RFE,
JCR-2585,IMPROVEMENT,BUG
JCR-3176,BUG,BUG
JCR-1144,BUILD_SYSTEM,IMPROVEMENT
JCR-2624,IMPROVEMENT,IMPROVEMENT
JCR-423,BUG,BUG
JCR-665,BUG,BUG
JCR-2210,TEST,TEST
JCR-3108,BUG,BUG
JCR-1600,CLEANUP,IMPROVEMENT
JCR-2574,BUG,BUG
JCR-1749,BUG,BUG
JCR-895,BUG,BUG
JCR-80,TEST,BUG
JCR-564,IMPROVEMENT,IMPROVEMENT
JCR-1229,BUILD_SYSTEM,IMPROVEMENT
JCR-2628,RFE,IMPROVEMENT
JCR-907,RFE,RFE
JCR-2561,BUG,BUG
JCR-978,DESIGN_DEFECT,IMPROVEMENT
JCR-2688,RFE,RFE
JCR-1675,RFE,IMPROVEMENT
JCR-742,RFE,IMPROVEMENT
JCR-562,BUG,BUG
JCR-486,BUG,BUG
JCR-2635,RFE,RFE
JCR-1358,BUG,BUG
JCR-1677,RFE,IMPROVEMENT
JCR-1153,CLEANUP,IMPROVEMENT
JCR-1380,BUG,BUG
JCR-354,IMPROVEMENT,IMPROVEMENT
JCR-2790,RFE,RFE
JCR-1227,BUG,BUG
JCR-2037,TEST,TASK
JCR-2250,BUG,BUG
JCR-1016,RFE,IMPROVEMENT
JCR-807,IMPROVEMENT,IMPROVEMENT
JCR-203,IMPROVEMENT,IMPROVEMENT
JCR-2562,BUG,BUG
JCR-2602,BUG,BUG
JCR-1209,IMPROVEMENT,IMPROVEMENT
JCR-2493,TEST,IMPROVEMENT
JCR-996,DESIGN_DEFECT,IMPROVEMENT
JCR-1493,IMPROVEMENT,IMPROVEMENT
JCR-527,TEST,BUG
JCR-362,BUG,BUG
JCR-2894,BUG,BUG
JCR-3011,TEST,IMPROVEMENT
JCR-745,TEST,BUG
JCR-1888,RFE,IMPROVEMENT
JCR-2006,CLEANUP,IMPROVEMENT
JCR-1246,BUG,BUG
JCR-531,BUG,BUG
JCR-2753,BUG,BUG
JCR-2067,IMPROVEMENT,IMPROVEMENT
JCR-2308,REFACTORING,IMPROVEMENT
JCR-2937,RFE,BUG
JCR-1214,IMPROVEMENT,IMPROVEMENT
JCR-1482,DOCUMENTATION,
JCR-1665,BUG,BUG
JCR-974,RFE,IMPROVEMENT
JCR-1395,IMPROVEMENT,IMPROVEMENT
JCR-2472,BUG,BUG
JCR-1369,RFE,IMPROVEMENT
JCR-2204,TEST,TEST
JCR-1222,IMPROVEMENT,IMPROVEMENT
JCR-1406,BUG,BUG
JCR-1397,RFE,IMPROVEMENT
JCR-2475,BUILD_SYSTEM,BUG
JCR-3065,BUG,BUG
JCR-2393,BUG,BUG
JCR-1700,CLEANUP,IMPROVEMENT
JCR-2719,TEST,BUG
JCR-2928,BUG,BUG
JCR-2164,RFE,TASK
JCR-2355,RFE,IMPROVEMENT
JCR-3199,RFE,IMPROVEMENT
JCR-411,BUG,BUG
JCR-521,RFE,RFE
JCR-708,BUG,BUG
JCR-1710,REFACTORING,IMPROVEMENT
JCR-605,BUG,BUG
JCR-453,BUG,BUG
JCR-1836,RFE,IMPROVEMENT
JCR-2379,BUG,BUG
JCR-170,BUG,BUG
JCR-1420,TEST,TEST
JCR-3262,BUG,BUG
JCR-2484,BUG,BUG
JCR-279,BUG,BUG
JCR-1842,IMPROVEMENT,IMPROVEMENT
JCR-1221,BUG,IMPROVEMENT
JCR-3131,BUG,BUG
JCR-654,TEST,BUG
JCR-503,TEST,BUG
JCR-1655,IMPROVEMENT,IMPROVEMENT
JCR-1232,REFACTORING,IMPROVEMENT
JCR-1838,BUG,BUG
JCR-3015,SPEC,BUG
JCR-155,BUG,BUG
JCR-1290,BUILD_SYSTEM,IMPROVEMENT
JCR-1445,IMPROVEMENT,IMPROVEMENT
JCR-92,IMPROVEMENT,IMPROVEMENT
JCR-1032,IMPROVEMENT,IMPROVEMENT
JCR-1167,BUG,BUG
JCR-1361,TEST,BUG
JCR-3259,DOCUMENTATION,
JCR-98,RFE,IMPROVEMENT
JCR-512,TEST,BUG
JCR-641,BUG,BUG
JCR-409,RFE,RFE
JCR-2199,IMPROVEMENT,IMPROVEMENT
JCR-2162,BUG,BUG
JCR-1424,IMPROVEMENT,IMPROVEMENT
JCR-2944,CLEANUP,IMPROVEMENT
JCR-2971,OTHER,IMPROVEMENT
JCR-83,SPEC,BUG
JCR-2875,CLEANUP,IMPROVEMENT
JCR-2011,IMPROVEMENT,IMPROVEMENT
JCR-2201,RFE,
JCR-378,BUG,BUG
JCR-2877,IMPROVEMENT,IMPROVEMENT
JCR-278,BUG,BUG
JCR-2018,BUG,BUG
JCR-2437,IMPROVEMENT,IMPROVEMENT
JCR-2728,BUILD_SYSTEM,IMPROVEMENT
JCR-315,RFE,IMPROVEMENT
JCR-2082,BUG,BUG
JCR-3148,BUG,BUG
JCR-2346,TEST,BUG
JCR-1667,BUG,BUG
JCR-3042,RFE,RFE
JCR-1562,BUG,BUG
JCR-1368,DOCUMENTATION,IMPROVEMENT
JCR-700,TEST,BUG
JCR-2767,BUG,BUG
JCR-1145,BUG,IMPROVEMENT
JCR-2182,BUG,BUG
JCR-520,IMPROVEMENT,IMPROVEMENT
JCR-433,RFE,IMPROVEMENT
JCR-1762,IMPROVEMENT,IMPROVEMENT
JCR-469,BUG,BUG
JCR-1891,IMPROVEMENT,IMPROVEMENT
JCR-2344,BUG,BUG
JCR-2568,IMPROVEMENT,IMPROVEMENT
JCR-1479,IMPROVEMENT,IMPROVEMENT
JCR-1054,BUG,BUG
JCR-1152,IMPROVEMENT,IMPROVEMENT
JCR-633,IMPROVEMENT,IMPROVEMENT
JCR-2222,BUG,BUG
JCR-1525,IMPROVEMENT,IMPROVEMENT
JCR-1009,RFE,RFE
JCR-1051,BUG,BUG
JCR-603,BUG,BUG
JCR-543,BUG,BUG
JCR-3135,BUILD_SYSTEM,IMPROVEMENT
JCR-2325,BUG,BUG
JCR-2376,RFE,RFE
JCR-2282,SPEC,BUG
JCR-209,CLEANUP,BUG
JCR-2669,IMPROVEMENT,IMPROVEMENT
JCR-2667,BUG,BUG
JCR-1586,RFE,RFE
JCR-111,BUG,BUG
JCR-571,BUILD_SYSTEM,IMPROVEMENT
JCR-1904,RFE,
JCR-1970,CLEANUP,BUG
JCR-1023,IMPROVEMENT,IMPROVEMENT
JCR-2028,RFE,
JCR-177,IMPROVEMENT,IMPROVEMENT
JCR-1689,TEST,BUG
JCR-2057,BUG,BUG
JCR-1631,IMPROVEMENT,IMPROVEMENT
JCR-2387,IMPROVEMENT,IMPROVEMENT
JCR-1278,RFE,IMPROVEMENT
JCR-2252,BUILD_SYSTEM,BUG
JCR-489,BUG,BUG
JCR-2748,RFE,IMPROVEMENT
JCR-2823,IMPROVEMENT,IMPROVEMENT
JCR-652,TEST,BUG
JCR-2485,RFE,IMPROVEMENT
JCR-326,IMPROVEMENT,IMPROVEMENT
JCR-3049,BUG,BUG
JCR-374,BUG,BUG
JCR-141,BUG,BUG
JCR-191,BUG,BUG
JCR-2124,BUG,IMPROVEMENT
JCR-1646,BUG,BUG
JCR-1653,BUG,BUG
JCR-987,BUILD_SYSTEM,IMPROVEMENT
JCR-775,DOCUMENTATION,BUG
JCR-1764,TEST,BUG
JCR-2363,BUG,BUG
JCR-844,BUG,BUG
JCR-2616,BUG,BUG
JCR-2652,BUG,BUG
JCR-1979,BUG,BUG
JCR-334,BUILD_SYSTEM,BUG
JCR-228,BUG,BUG
JCR-2215,BUG,BUG
JCR-795,TEST,BUG
JCR-1234,REFACTORING,IMPROVEMENT
JCR-695,IMPROVEMENT,BUG
JCR-2090,RFE,
JCR-926,RFE,RFE
JCR-3163,BUG,BUG
JCR-183,DESIGN_DEFECT,BUG
JCR-1490,TEST,BUG
JCR-2296,REFACTORING,IMPROVEMENT
JCR-1485,TEST,TEST
JCR-29,IMPROVEMENT,BUG
JCR-2439,RFE,IMPROVEMENT
JCR-2175,SPEC,IMPROVEMENT
JCR-3105,BUG,BUG
JCR-1972,RFE,
JCR-1681,IMPROVEMENT,IMPROVEMENT
JCR-1672,DESIGN_DEFECT,IMPROVEMENT
JCR-2703,IMPROVEMENT,IMPROVEMENT
JCR-1892,RFE,RFE
JCR-1236,DOCUMENTATION,IMPROVEMENT
JCR-1182,REFACTORING,IMPROVEMENT
JCR-188,IMPROVEMENT,IMPROVEMENT
JCR-623,RFE,RFE
JCR-2740,RFE,RFE
JCR-1286,BUG,BUG
JCR-1107,BUG,IMPROVEMENT
JCR-515,TEST,IMPROVEMENT
JCR-356,DOCUMENTATION,TASK
JCR-2987,RFE,IMPROVEMENT
JCR-390,IMPROVEMENT,IMPROVEMENT
JCR-2020,BUG,BUG
JCR-847,RFE,IMPROVEMENT
JCR-2575,BUG,BUG
JCR-2247,CLEANUP,IMPROVEMENT
JCR-2564,BUG,BUG
JCR-1109,SPEC,BUG
JCR-2420,BUG,BUG
JCR-1871,IMPROVEMENT,IMPROVEMENT
JCR-2964,DOCUMENTATION,BUG
JCR-1535,TEST,BUG
JCR-2125,IMPROVEMENT,IMPROVEMENT
JCR-72,BUG,BUG
JCR-930,REFACTORING,IMPROVEMENT
JCR-1820,IMPROVEMENT,IMPROVEMENT
JCR-215,IMPROVEMENT,IMPROVEMENT
JCR-2133,CLEANUP,IMPROVEMENT
JCR-2123,IMPROVEMENT,IMPROVEMENT
JCR-1625,OTHER,BUG
JCR-275,RFE,RFE
JCR-347,BUG,BUG
JCR-2896,IMPROVEMENT,IMPROVEMENT
JCR-1096,BUG,BUG
JCR-473,IMPROVEMENT,IMPROVEMENT
JCR-1073,RFE,RFE
JCR-702,RFE,RFE
JCR-2528,BUG,BUG
JCR-2042,RFE,RFE
JCR-1510,IMPROVEMENT,IMPROVEMENT
JCR-1834,RFE,
JCR-838,TEST,BUG
JCR-2651,RFE,RFE
JCR-736,IMPROVEMENT,BUG
JCR-1407,DOCUMENTATION,IMPROVEMENT
JCR-2032,BUG,BUG
JCR-2523,BUG,BUG
JCR-1724,RFE,IMPROVEMENT
JCR-1520,BUG,IMPROVEMENT
JCR-734,IMPROVEMENT,IMPROVEMENT
JCR-2496,BUG,BUG
JCR-2750,IMPROVEMENT,IMPROVEMENT
JCR-2727,TEST,RFE
JCR-2981,BUG,BUG
JCR-2245,REFACTORING,IMPROVEMENT
JCR-1018,RFE,IMPROVEMENT
JCR-1780,DOCUMENTATION,BUG
JCR-725,RFE,IMPROVEMENT
JCR-3129,RFE,IMPROVEMENT
JCR-2511,BUG,BUG
JCR-2343,RFE,RFE
JCR-2821,IMPROVEMENT,BUG
JCR-2268,REFACTORING,IMPROVEMENT
JCR-3142,BUILD_SYSTEM,IMPROVEMENT
JCR-1531,IMPROVEMENT,IMPROVEMENT
JCR-1540,BUG,BUG
JCR-2185,TEST,IMPROVEMENT
JCR-806,BUG,BUG
JCR-1930,BUG,BUG
JCR-1536,BUG,BUG
JCR-613,RFE,RFE
JCR-444,BUG,BUG
JCR-230,BUG,BUG
JCR-1795,RFE,IMPROVEMENT
JCR-1006,BUG,BUG
JCR-2903,SPEC,BUG
JCR-3024,BUG,BUG
JCR-1487,BUG,BUG
JCR-504,TEST,BUG
JCR-2180,BUILD_SYSTEM,IMPROVEMENT
JCR-63,BUG,BUG
JCR-2334,IMPROVEMENT,IMPROVEMENT
JCR-849,BUG,BUG
JCR-1632,BUG,BUG
JCR-1524,TEST,BUG
JCR-498,TEST,BUG
JCR-1919,DOCUMENTATION,IMPROVEMENT
JCR-2930,BUG,BUG
JCR-1641,BUG,BUG
JCR-757,RFE,RFE
JCR-2786,BUG,BUG
JCR-51,BUG,BUG
JCR-1742,IMPROVEMENT,IMPROVEMENT
JCR-526,TEST,BUG
JCR-22,IMPROVEMENT,BUG
JCR-871,TASK,TASK
JCR-2721,RFE,IMPROVEMENT
JCR-3086,BUG,BUG
JCR-2422,RFE,IMPROVEMENT
JCR-1705,IMPROVEMENT,IMPROVEMENT
JCR-1337,IMPROVEMENT,IMPROVEMENT
JCR-2923,DOCUMENTATION,IMPROVEMENT
JCR-2025,IMPROVEMENT,IMPROVEMENT
JCR-862,BUG,BUG
JCR-340,BUG,BUG
JCR-1921,IMPROVEMENT,IMPROVEMENT
JCR-3261,BUG,BUG
JCR-3177,TEST,IMPROVEMENT
JCR-2251,BUG,IMPROVEMENT
JCR-1734,BUG,BUG
JCR-1515,BUG,BUG
JCR-841,BUG,BUG
JCR-2920,BUG,BUG
JCR-1362,BUG,BUG
JCR-309,REFACTORING,TASK
JCR-1378,IMPROVEMENT,IMPROVEMENT
JCR-291,IMPROVEMENT,IMPROVEMENT
JCR-2510,IMPROVEMENT,IMPROVEMENT
JCR-2904,BUG,BUG
JCR-1829,BUG,BUG
JCR-2621,BUG,BUG
JCR-2989,RFE,
JCR-1711,OTHER,IMPROVEMENT
JCR-1790,REFACTORING,BUG
JCR-463,BUG,BUG
JCR-1687,BUG,BUG
JCR-798,BUG,BUG
JCR-1339,BUG,BUG
JCR-1579,IMPROVEMENT,IMPROVEMENT
JCR-23,IMPROVEMENT,BUG
JCR-2015,BUG,BUG
JCR-713,BUG,BUG
JCR-701,IMPROVEMENT,IMPROVEMENT
JCR-899,REFACTORING,TASK
JCR-922,DESIGN_DEFECT,IMPROVEMENT
JCR-200,REFACTORING,IMPROVEMENT
JCR-456,BUILD_SYSTEM,BUG
JCR-2084,BUG,BUG
JCR-163,BUILD_SYSTEM,BUG
JCR-524,TEST,BUG
JCR-299,BUG,BUG
JCR-1160,BUG,BUG
JCR-2459,IMPROVEMENT,IMPROVEMENT
JCR-288,BUG,BUG
JCR-3030,RFE,IMPROVEMENT
JCR-2539,BUG,BUG
JCR-1291,IMPROVEMENT,IMPROVEMENT
JCR-2860,RFE,IMPROVEMENT
JCR-2370,BUG,BUG
JCR-1150,IMPROVEMENT,IMPROVEMENT
JCR-1758,IMPROVEMENT,IMPROVEMENT
JCR-2713,BACKPORT,BUG
JCR-1158,BUG,BUG
JCR-2168,BUG,BUG
JCR-1923,BUG,BUG
JCR-822,TEST,IMPROVEMENT
JCR-818,TEST,IMPROVEMENT
JCR-1089,BUG,BUG
JCR-902,OTHER,IMPROVEMENT
JCR-1039,BUG,BUG
JCR-2699,IMPROVEMENT,IMPROVEMENT
JCR-1886,BUG,BUG
JCR-803,IMPROVEMENT,IMPROVEMENT
JCR-76,RFE,RFE
JCR-162,BUILD_SYSTEM,BUG
JCR-34,BUG,BUG
JCR-2178,TEST,BUG
JCR-1047,DOCUMENTATION,BUG
JCR-2159,BUG,BUG
JCR-774,TEST,BUG
JCR-1752,RFE,IMPROVEMENT
JCR-42,BUG,BUG
JCR-2374,IMPROVEMENT,IMPROVEMENT
JCR-1657,BUG,BUG
JCR-1941,BUG,BUG
JCR-3032,IMPROVEMENT,IMPROVEMENT
JCR-2321,BUG,BUG
JCR-1567,IMPROVEMENT,IMPROVEMENT
JCR-2868,BUG,BUG
JCR-1483,REFACTORING,IMPROVEMENT
JCR-1851,BUG,BUG
JCR-94,RFE,IMPROVEMENT
JCR-1127,DOCUMENTATION,BUG
JCR-2921,BUG,BUG
JCR-41,IMPROVEMENT,BUG
JCR-1391,CLEANUP,IMPROVEMENT
JCR-2017,BUG,BUG
JCR-1440,BUG,BUG
JCR-3093,BUG,BUG
JCR-1581,BUG,BUG
JCR-1534,IMPROVEMENT,IMPROVEMENT
JCR-897,BUG,BUG
JCR-638,RFE,RFE
JCR-2102,BUG,BUG
JCR-2689,IMPROVEMENT,IMPROVEMENT
JCR-281,RFE,IMPROVEMENT
JCR-88,TEST,TEST
JCR-1336,BUG,BUG
JCR-864,BUG,BUG
JCR-1818,IMPROVEMENT,IMPROVEMENT
JCR-1513,REFACTORING,IMPROVEMENT
JCR-2798,IMPROVEMENT,IMPROVEMENT
JCR-2134,TEST,BUG
JCR-3143,IMPROVEMENT,IMPROVEMENT
JCR-2607,RFE,IMPROVEMENT
JCR-3253,CLEANUP,IMPROVEMENT
JCR-1292,DOCUMENTATION,BUG
JCR-769,BUG,BUG
JCR-2047,TEST,BUG
JCR-3216,BUG,BUG
JCR-2248,BUG,BUG
JCR-2916,IMPROVEMENT,IMPROVEMENT
JCR-3126,BUG,BUG
JCR-3091,IMPROVEMENT,IMPROVEMENT
JCR-3111,BUG,BUG
JCR-845,DOCUMENTATION,BUG
JCR-124,BUG,BUG
JCR-387,BUG,BUG
JCR-282,BUG,BUG
JCR-1832,TEST,IMPROVEMENT
JCR-211,IMPROVEMENT,BUG
JCR-205,BUG,BUG
JCR-358,TASK,IMPROVEMENT
JCR-1509,RFE,RFE
JCR-1613,BUG,BUG
JCR-1960,RFE,RFE
JCR-2697,RFE,RFE
JCR-2603,SPEC,BUG
JCR-38,BUG,BUG
JCR-2899,BUG,BUG
JCR-2467,DESIGN_DEFECT,IMPROVEMENT
JCR-2509,CLEANUP,IMPROVEMENT
JCR-2840,BUG,BUG
JCR-61,BUG,BUG
JCR-149,RFE,RFE
JCR-254,BUG,IMPROVEMENT
JCR-686,DESIGN_DEFECT,IMPROVEMENT
JCR-2565,BUG,BUG
JCR-2761,IMPROVEMENT,IMPROVEMENT
JCR-1587,BUG,BUG
JCR-1571,BUG,BUG
JCR-650,RFE,RFE
JCR-2117,RFE,
JCR-1526,IMPROVEMENT,IMPROVEMENT
JCR-1091,SPEC,IMPROVEMENT
JCR-800,RFE,IMPROVEMENT
JCR-2897,BUILD_SYSTEM,IMPROVEMENT
JCR-346,BUG,BUG
JCR-2264,RFE,IMPROVEMENT
JCR-367,IMPROVEMENT,IMPROVEMENT
JCR-1669,BUG,BUG
JCR-284,BUG,BUG
JCR-298,RFE,BUG
JCR-516,CLEANUP,IMPROVEMENT
JCR-2293,BUG,BUG
JCR-2425,BUG,BUG
JCR-881,TASK,IMPROVEMENT
JCR-585,RFE,RFE
JCR-196,IMPROVEMENT,IMPROVEMENT
JCR-1617,IMPROVEMENT,IMPROVEMENT
JCR-308,BUG,BUG
JCR-2762,IMPROVEMENT,IMPROVEMENT
JCR-1982,IMPROVEMENT,IMPROVEMENT
JCR-1754,DOCUMENTATION,IMPROVEMENT
JCR-1258,RFE,IMPROVEMENT
JCR-573,DOCUMENTATION,TASK
JCR-89,BUG,BUG
JCR-1682,BUG,BUG
JCR-2922,BUG,BUG
JCR-513,TEST,BUG
JCR-2765,BUG,IMPROVEMENT
JCR-1757,BUG,BUG
JCR-628,BUG,BUG
JCR-1115,IMPROVEMENT,IMPROVEMENT
JCR-1086,BUG,BUG
JCR-3220,RFE,BUG
JCR-2898,TEST,IMPROVEMENT
JCR-629,BUG,BUG
JCR-703,IMPROVEMENT,IMPROVEMENT
JCR-1335,TEST,BUG
JCR-693,BUILD_SYSTEM,BUG
JCR-1375,IMPROVEMENT,IMPROVEMENT
JCR-24,BUG,BUG
JCR-1428,RFE,RFE
JCR-2241,IMPROVEMENT,BUG
JCR-93,BUG,BUG
JCR-2861,SPEC,BUG
JCR-460,TASK,IMPROVEMENT
JCR-182,RFE,IMPROVEMENT
JCR-2070,BUG,BUG
JCR-1840,TEST,IMPROVEMENT
JCR-1668,BUG,BUG
JCR-2951,BUG,BUG
JCR-1949,BUG,BUG
JCR-823,TEST,BUG
JCR-1027,IMPROVEMENT,IMPROVEMENT
JCR-1296,IMPROVEMENT,BUG
JCR-297,IMPROVEMENT,IMPROVEMENT
JCR-1500,IMPROVEMENT,IMPROVEMENT
JCR-1965,IMPROVEMENT,IMPROVEMENT
JCR-2062,RFE,
JCR-952,RFE,RFE
JCR-2769,IMPROVEMENT,IMPROVEMENT
JCR-1333,BUG,BUG
JCR-706,RFE,IMPROVEMENT
JCR-1114,REFACTORING,IMPROVEMENT
JCR-25,BUG,
JCR-2519,IMPROVEMENT,BUG
JCR-905,BUG,BUG
JCR-2645,IMPROVEMENT,BUG
JCR-229,REFACTORING,IMPROVEMENT
JCR-2931,BUG,BUG
JCR-916,UNKNOWN,IMPROVEMENT
JCR-17,BUG,BUG
JCR-331,IMPROVEMENT,IMPROVEMENT
JCR-1990,IMPROVEMENT,IMPROVEMENT
JCR-689,IMPROVEMENT,IMPROVEMENT
JCR-2066,IMPROVEMENT,IMPROVEMENT
JCR-1815,TEST,IMPROVEMENT
JCR-1505,IMPROVEMENT,IMPROVEMENT
JCR-2335,BUG,BUG
JCR-1414,BUG,BUG
JCR-1638,IMPROVEMENT,BUG
JCR-1934,IMPROVEMENT,IMPROVEMENT
JCR-3033,RFE,IMPROVEMENT
JCR-3209,IMPROVEMENT,IMPROVEMENT
JCR-1950,IMPROVEMENT,IMPROVEMENT
JCR-1218,OTHER,BUG
JCR-887,DESIGN_DEFECT,IMPROVEMENT
JCR-697,BUG,IMPROVEMENT
JCR-2088,BUILD_SYSTEM,IMPROVEMENT
JCR-1364,DESIGN_DEFECT,BUG
JCR-2452,BUG,BUG
JCR-1855,IMPROVEMENT,IMPROVEMENT
JCR-904,IMPROVEMENT,IMPROVEMENT
JCR-2457,RFE,RFE
JCR-468,BUG,BUG
JCR-2000,BUG,BUG
JCR-1465,RFE,IMPROVEMENT
JCR-146,BUG,BUG
JCR-2712,BUG,BUG
JCR-2319,TEST,IMPROVEMENT
JCR-1415,DOCUMENTATION,BUG
JCR-2447,BUG,BUG
JCR-383,IMPROVEMENT,IMPROVEMENT
JCR-1698,TEST,TEST
JCR-1325,BUG,BUG
JCR-37,BUG,BUG
JCR-407,RFE,IMPROVEMENT
JCR-2009,BUG,BUG
JCR-438,IMPROVEMENT,IMPROVEMENT
JCR-286,BUG,BUG
JCR-172,DOCUMENTATION,IMPROVEMENT
JCR-2419,BUG,BUG
JCR-1629,TEST,RFE
JCR-3101,BUG,BUG
JCR-2758,BUG,BUG
JCR-389,BUG,BUG
JCR-2803,CLEANUP,IMPROVEMENT
JCR-1879,BUG,BUG
JCR-496,TEST,BUG
JCR-223,BUILD_SYSTEM,IMPROVEMENT
JCR-2755,BUG,BUG
JCR-554,IMPROVEMENT,IMPROVEMENT
JCR-2859,RFE,RFE
JCR-712,BUG,BUG
JCR-1269,IMPROVEMENT,IMPROVEMENT
JCR-419,RFE,IMPROVEMENT
JCR-412,BUG,BUG
JCR-401,IMPROVEMENT,IMPROVEMENT
JCR-227,REFACTORING,
JCR-3119,IMPROVEMENT,IMPROVEMENT
JCR-199,IMPROVEMENT,BUG
JCR-116,BUILD_SYSTEM,
JCR-2150,CLEANUP,IMPROVEMENT
JCR-3045,RFE,IMPROVEMENT
JCR-1813,BUG,BUG
JCR-1210,IMPROVEMENT,IMPROVEMENT
JCR-216,BUG,BUG
JCR-1782,BUG,BUG
JCR-1977,IMPROVEMENT,BUG
JCR-583,TEST,BUG
JCR-2044,IMPROVEMENT,IMPROVEMENT
JCR-319,DOCUMENTATION,IMPROVEMENT
JCR-499,TEST,BUG
JCR-1844,RFE,IMPROVEMENT
JCR-3013,BUG,BUG
JCR-210,BUILD_SYSTEM,BUG
JCR-492,TEST,BUG
JCR-47,BUG,BUG
JCR-1061,DESIGN_DEFECT,IMPROVEMENT
JCR-2508,RFE,BUG
JCR-1244,CLEANUP,IMPROVEMENT
JCR-2386,BUG,BUG
JCR-2531,BUG,BUG
JCR-1151,IMPROVEMENT,IMPROVEMENT
JCR-208,CLEANUP,BUG
JCR-2593,IMPROVEMENT,IMPROVEMENT
JCR-143,BUG,BUG
JCR-1405,RFE,RFE
JCR-2418,BUG,BUG
JCR-137,BUG,BUG
JCR-154,DOCUMENTATION,RFE
JCR-1074,BUG,BUG
JCR-2567,BUILD_SYSTEM,IMPROVEMENT
JCR-2404,IMPROVEMENT,IMPROVEMENT
JCR-472,IMPROVEMENT,IMPROVEMENT
JCR-19,OTHER,BUG
JCR-2243,RFE,RFE
JCR-2627,BUG,BUG
JCR-1736,RFE,IMPROVEMENT
JCR-1272,BUG,BUG
JCR-352,IMPROVEMENT,IMPROVEMENT
JCR-2722,RFE,IMPROVEMENT
JCR-1399,BACKPORT,BUG
JCR-2505,IMPROVEMENT,IMPROVEMENT
JCR-257,RFE,IMPROVEMENT
JCR-1884,IMPROVEMENT,IMPROVEMENT
JCR-1589,RFE,
JCR-2249,CLEANUP,IMPROVEMENT
JCR-1931,IMPROVEMENT,BUG
JCR-55,RFE,RFE
JCR-338,BUG,BUG
JCR-2577,BUG,BUG
JCR-1262,DESIGN_DEFECT,IMPROVEMENT
JCR-1846,BUG,BUG
JCR-157,REFACTORING,IMPROVEMENT
JCR-765,IMPROVEMENT,IMPROVEMENT
JCR-2170,IMPROVEMENT,BUG
JCR-1385,BUG,BUG
JCR-1890,RFE,RFE
JCR-1548,BUG,BUG
JCR-2351,IMPROVEMENT,IMPROVEMENT
JCR-1590,RFE,
JCR-785,BUG,BUG
JCR-866,BUG,BUG
JCR-1101,TEST,BUG
JCR-1381,BUG,BUG
JCR-202,RFE,RFE
JCR-1084,OTHER,IMPROVEMENT
JCR-2604,DOCUMENTATION,IMPROVEMENT
JCR-1259,RFE,RFE
JCR-3250,BUG,BUG
JCR-1341,BUG,BUG
JCR-1751,IMPROVEMENT,IMPROVEMENT
JCR-3183,RFE,RFE
JCR-1695,IMPROVEMENT,IMPROVEMENT
JCR-810,TEST,IMPROVEMENT
JCR-1071,BUG,BUG
JCR-1811,BUG,BUG
JCR-117,TEST,TEST
JCR-808,IMPROVEMENT,IMPROVEMENT
JCR-2892,IMPROVEMENT,BUG
JCR-751,DOCUMENTATION,TASK
JCR-587,BUG,BUG
JCR-335,BUG,BUG
JCR-1347,REFACTORING,IMPROVEMENT
JCR-3151,BUG,BUG
JCR-2095,REFACTORING,IMPROVEMENT
JCR-1357,DOCUMENTATION,IMPROVEMENT
JCR-1843,BUG,BUG
JCR-2097,TEST,BUG
JCR-1596,BUG,BUG
JCR-2960,BUG,BUG
JCR-2074,RFE,
JCR-3236,BUG,BUG
JCR-2996,BUG,BUG
JCR-966,TEST,IMPROVEMENT
JCR-1753,RFE,RFE
JCR-187,BUG,BUG
JCR-1936,DOCUMENTATION,BUG
JCR-1630,DOCUMENTATION,BUG
JCR-921,TEST,TEST
JCR-1969,BUG,BUG
JCR-2789,BUG,BUG
JCR-827,TEST,BUG
JCR-646,IMPROVEMENT,BUG
JCR-476,CLEANUP,IMPROVEMENT
JCR-1962,OTHER,BUG
JCR-60,BUG,BUG
JCR-1432,BUG,BUG
JCR-336,BUG,BUG
JCR-1588,RFE,
JCR-2361,RFE,IMPROVEMENT
JCR-2119,RFE,IMPROVEMENT
JCR-699,BUG,BUG
JCR-2132,BUG,BUG
JCR-1172,IMPROVEMENT,IMPROVEMENT
JCR-661,BUILD_SYSTEM,BUG
JCR-1472,RFE,RFE
JCR-928,IMPROVEMENT,IMPROVEMENT
JCR-2965,DOCUMENTATION,IMPROVEMENT
JCR-310,BUG,BUG
JCR-2036,BUG,BUG
JCR-2392,BUG,BUG
JCR-1020,IMPROVEMENT,IMPROVEMENT
JCR-1193,BUILD_SYSTEM,IMPROVEMENT
JCR-2674,BUG,BUG
JCR-1374,BUG,BUG
JCR-234,TEST,BUG
JCR-1841,SPEC,BUG
JCR-1693,BUG,BUG
JCR-1330,OTHER,BUG
JCR-1334,BUG,BUG
JCR-766,BUILD_SYSTEM,IMPROVEMENT
JCR-220,RFE,IMPROVEMENT
JCR-831,BUG,BUG
JCR-3073,BUILD_SYSTEM,IMPROVEMENT
JCR-1285,BUG,BUG
JCR-395,BUG,BUG
JCR-776,IMPROVEMENT,IMPROVEMENT
JCR-1277,BUG,BUG
JCR-764,BUG,BUG
JCR-1121,TEST,BUG
JCR-848,BUILD_SYSTEM,BUG
JCR-1708,BUG,BUG
JCR-2395,BUG,BUG
JCR-3280,IMPROVEMENT,IMPROVEMENT
JCR-1514,DOCUMENTATION,BUG
JCR-2453,REFACTORING,IMPROVEMENT
JCR-3020,RFE,IMPROVEMENT
JCR-2948,RFE,IMPROVEMENT
JCR-2747,BUG,BUG
JCR-82,BUG,BUG
JCR-1644,IMPROVEMENT,BUG
JCR-477,IMPROVEMENT,BUG
JCR-2671,BUG,BUG
JCR-107,DOCUMENTATION,IMPROVEMENT
JCR-682,BUG,BUG
JCR-3165,REFACTORING,IMPROVEMENT
JCR-1168,TEST,BUG
JCR-1475,BUG,BUG
JCR-1462,RFE,RFE
JCR-1608,RFE,
JCR-2158,REFACTORING,IMPROVEMENT
JCR-2380,BUG,BUG
JCR-1281,DOCUMENTATION,IMPROVEMENT
JCR-2586,BUG,BUG
JCR-924,IMPROVEMENT,IMPROVEMENT
JCR-173,TEST,BUG
JCR-6,BUG,BUG
JCR-518,TEST,BUG
JCR-255,BUG,BUG
JCR-1731,BUG,BUG
JCR-2969,BUG,BUG
JCR-1083,BUG,BUG
JCR-634,RFE,RFE
JCR-379,CLEANUP,BUG
JCR-3270,BUG,BUG
JCR-1254,BUG,BUG
JCR-44,BUG,BUG
JCR-104,REFACTORING,IMPROVEMENT
JCR-424,BUG,BUG
JCR-533,BUG,BUG
JCR-2670,IMPROVEMENT,IMPROVEMENT
JCR-3141,BUILD_SYSTEM,IMPROVEMENT
JCR-1112,RFE,RFE
JCR-2194,IMPROVEMENT,IMPROVEMENT
JCR-3055,BUG,IMPROVEMENT
JCR-1946,BUG,IMPROVEMENT
JCR-523,DESIGN_DEFECT,IMPROVEMENT
JCR-351,IMPROVEMENT,IMPROVEMENT
JCR-2144,REFACTORING,IMPROVEMENT
JCR-344,BUG,BUG
JCR-3124,TASK,
JCR-3116,BUG,BUG
JCR-259,BUG,BUG
JCR-1778,BUG,BUG
JCR-951,DESIGN_DEFECT,BUG
JCR-1401,IMPROVEMENT,IMPROVEMENT
JCR-830,TEST,IMPROVEMENT
JCR-1686,IMPROVEMENT,IMPROVEMENT
JCR-2473,BUG,BUG
JCR-2053,RFE,
JCR-2811,RFE,RFE
JCR-249,IMPROVEMENT,IMPROVEMENT
JCR-45,BUG,BUG
JCR-434,BUG,BUG
JCR-2227,BUG,BUG
JCR-616,IMPROVEMENT,BUG
JCR-2834,IMPROVEMENT,IMPROVEMENT
JCR-3232,RFE,
JCR-1154,RFE,RFE
JCR-2186,IMPROVEMENT,IMPROVEMENT
JCR-194,BUG,BUG
JCR-1366,TEST,RFE
JCR-2734,BUG,BUG
JCR-3082,BUG,BUG
JCR-2237,BUG,BUG
JCR-925,BUILD_SYSTEM,BUG
JCR-3057,BUG,BUG
JCR-3160,BUG,BUG
JCR-959,DOCUMENTATION,IMPROVEMENT
JCR-500,TEST,BUG
JCR-2646,BUG,BUG
JCR-274,IMPROVEMENT,IMPROVEMENT
JCR-2724,BUG,BUG
JCR-933,BUG,BUG
JCR-2855,BUG,BUG
JCR-1902,BUG,BUG
JCR-595,REFACTORING,IMPROVEMENT
JCR-502,TEST,BUG
JCR-825,BUG,BUG
JCR-586,BUG,BUG
JCR-2181,BUILD_SYSTEM,IMPROVEMENT
JCR-2873,RFE,IMPROVEMENT
JCR-667,REFACTORING,IMPROVEMENT
JCR-824,BUG,BUG
JCR-413,BUG,BUG
JCR-529,BUG,BUG
JCR-2700,RFE,IMPROVEMENT
JCR-1874,TEST,IMPROVEMENT
JCR-1740,REFACTORING,IMPROVEMENT
JCR-1001,IMPROVEMENT,IMPROVEMENT
JCR-1197,BUG,BUG
JCR-250,BUG,BUG
JCR-1853,RFE,IMPROVEMENT
JCR-1425,IMPROVEMENT,IMPROVEMENT
JCR-103,RFE,RFE
JCR-2398,TEST,BUG
JCR-253,RFE,IMPROVEMENT
JCR-1688,BUG,BUG
JCR-2076,RFE,
JCR-178,IMPROVEMENT,IMPROVEMENT
JCR-3154,RFE,
JCR-681,BUG,BUG
JCR-1803,BUG,BUG
JCR-3213,IMPROVEMENT,IMPROVEMENT
JCR-792,BUG,BUG
JCR-1664,BUG,BUG
JCR-885,BUG,BUG
JCR-1996,RFE,BUG
JCR-467,IMPROVEMENT,IMPROVEMENT
JCR-770,IMPROVEMENT,IMPROVEMENT
JCR-636,BUG,BUG
JCR-2556,IMPROVEMENT,IMPROVEMENT
JCR-1394,IMPROVEMENT,IMPROVEMENT
JCR-1761,RFE,RFE
JCR-2165,BUG,BUG
JCR-27,BUG,BUG
JCR-2848,CLEANUP,IMPROVEMENT
JCR-739,BUG,BUG
JCR-1565,RFE,
JCR-2502,IMPROVEMENT,IMPROVEMENT
JCR-3156,BUG,BUG
JCR-1925,BUG,BUG
JCR-1416,IMPROVEMENT,IMPROVEMENT
JCR-1546,CLEANUP,BUG
JCR-1206,IMPROVEMENT,IMPROVEMENT
JCR-3118,RFE,RFE
JCR-860,RFE,IMPROVEMENT
JCR-610,IMPROVEMENT,IMPROVEMENT
JCR-2130,IMPROVEMENT,IMPROVEMENT
JCR-240,BUG,BUG
JCR-2023,BUG,BUG
JCR-36,BUG,BUG
JCR-1421,BACKPORT,IMPROVEMENT
JCR-645,IMPROVEMENT,IMPROVEMENT
JCR-1971,BUILD_SYSTEM,IMPROVEMENT
JCR-2787,BUG,BUG
JCR-2584,IMPROVEMENT,IMPROVEMENT
JCR-393,BUG,BUG
JCR-2364,BUG,BUG
JCR-2253,RFE,RFE
JCR-2075,RFE,
JCR-1442,DOCUMENTATION,TASK
JCR-2715,IMPROVEMENT,IMPROVEMENT
JCR-1322,BUG,BUG
JCR-2269,BUG,BUG
JCR-1712,RFE,
JCR-1034,BUG,BUG
JCR-268,BUG,BUG
JCR-3044,CLEANUP,IMPROVEMENT
JCR-2718,BUG,BUG
JCR-2045,RFE,RFE
JCR-1082,BUG,BUG
JCR-1864,CLEANUP,IMPROVEMENT
JCR-2155,BUG,BUG
JCR-1427,BUG,BUG
JCR-546,BUG,BUG
JCR-2698,REFACTORING,IMPROVEMENT
JCR-1092,BUG,BUG
JCR-2333,IMPROVEMENT,BUG
JCR-2507,BUG,BUG
JCR-52,DOCUMENTATION,IMPROVEMENT
JCR-1456,RFE,IMPROVEMENT
JCR-2192,BUG,BUG
JCR-956,RFE,RFE
JCR-1103,BUG,BUG
JCR-3114,DESIGN_DEFECT,
JCR-18,BUG,BUG
JCR-656,BUG,BUG
JCR-2326,TEST,BUG
JCR-2555,REFACTORING,IMPROVEMENT
JCR-1774,CLEANUP,IMPROVEMENT
JCR-1273,IMPROVEMENT,IMPROVEMENT
JCR-1821,BUG,BUG
JCR-2354,BUG,BUG
JCR-2889,TEST,BUG
JCR-290,BUG,BUG
JCR-2010,IMPROVEMENT,IMPROVEMENT
JCR-1746,DOCUMENTATION,BUG
JCR-2421,BUG,BUG
JCR-1028,IMPROVEMENT,IMPROVEMENT
JCR-1703,BUG,BUG
JCR-2915,BUG,BUG
JCR-3078,RFE,RFE
JCR-1147,BUG,BUG
JCR-86,BUG,BUG
JCR-2808,BUG,BUG
JCR-231,BUG,BUG
JCR-2675,BUG,BUG
JCR-1363,IMPROVEMENT,IMPROVEMENT
JCR-1773,BUG,BUG
JCR-1403,DOCUMENTATION,IMPROVEMENT
JCR-510,TEST,BUG
JCR-214,BUG,BUG
JCR-2034,RFE,RFE
JCR-1622,BUG,BUG
JCR-1623,BUG,BUG
JCR-2919,BUG,BUG
JCR-3175,BUG,BUG
JCR-549,BUG,BUG
JCR-3085,IMPROVEMENT,IMPROVEMENT
JCR-1553,BUG,BUG
JCR-1346,BUG,BUG
JCR-773,BUG,BUG
JCR-3223,BUG,BUG
JCR-676,RFE,RFE
JCR-3255,RFE,RFE
JCR-1360,BUG,BUG
JCR-1929,DOCUMENTATION,BUG
JCR-1809,IMPROVEMENT,IMPROVEMENT
JCR-3198,BUG,BUG
JCR-1564,RFE,
JCR-1645,RFE,RFE
JCR-2256,RFE,
JCR-2341,BUG,BUG
JCR-2041,RFE,RFE
JCR-1287,IMPROVEMENT,IMPROVEMENT
JCR-1104,RFE,RFE
JCR-1235,BUG,BUG
JCR-799,BUG,BUG
JCR-134,RFE,RFE
JCR-2109,CLEANUP,IMPROVEMENT
JCR-1220,IMPROVEMENT,IMPROVEMENT
JCR-1476,BUG,BUG
JCR-2189,TEST,IMPROVEMENT
JCR-1066,RFE,IMPROVEMENT
JCR-2967,BUG,BUG
JCR-1276,RFE,RFE
JCR-2486,REFACTORING,IMPROVEMENT
JCR-233,BUG,BUG
JCR-1141,BUG,BUG
JCR-972,BUG,BUG
JCR-2272,BUG,BUG
JCR-811,TEST,BUG
JCR-2298,BUG,BUG
JCR-1298,OTHER,BUG
JCR-622,BUG,BUG
JCR-2657,BUG,BUG
JCR-1882,BUILD_SYSTEM,IMPROVEMENT
JCR-992,IMPROVEMENT,IMPROVEMENT
